row	tu	raw_bytes	payload_wire_bytes	definition_wire_bytes	context_wire_bytes	selector_wire_bytes	wire_bytes	cumulative_raw_bytes	cumulative_charged_bytes	cumulative_charged_ratio	vocabulary_assets	online_promoted_assets	online_published_assets	seed_published_assets	online_selected_tus	candidate_state_bytes	logical_state_bytes
empty-frozen	1	1413571	35844	0	0	0	35844	1413571	35844	39.43675371052338	0	0	0	0	0	0	0
empty-frozen	2	4264831	70827	0	0	0	70827	5678402	106671	53.23285616521829	0	0	0	0	0	0	0
empty-frozen	3	2842558	54292	0	0	0	54292	8520960	160963	52.93738312531451	0	0	0	0	0	0	0
empty-frozen	4	2489870	46357	0	0	0	46357	11010830	207320	53.110312560293266	0	0	0	0	0	0	0
empty-frozen	5	2520111	45444	0	0	0	45444	13530941	252764	53.53191514614423	0	0	0	0	0	0	0
empty-frozen	6	3638448	37279	0	0	0	37279	17169389	290043	59.1960123154153	0	0	0	0	0	0	0
empty-frozen	7	2631364	12495	0	0	0	12495	19800753	302538	65.44881304166749	0	0	0	0	0	0	0
empty-frozen	8	2505720	11957	0	0	0	11957	22306473	314495	70.9279098236856	0	0	0	0	0	0	0
empty-frozen	9	2569473	10079	0	0	0	10079	24875946	324574	76.6418320629502	0	0	0	0	0	0	0
empty-frozen	10	2540908	44213	0	0	0	44213	27416854	368787	74.343330974248	0	0	0	0	0	0	0
empty-frozen	11	2967891	50870	0	0	0	50870	30384745	419657	72.40376069027802	0	0	0	0	0	0	0
empty-frozen	12	2925240	48319	0	0	0	48319	33309985	467976	71.17883182043524	0	0	0	0	0	0	0
empty-frozen	13	2630270	48263	0	0	0	48263	35940255	516239	69.61941077679137	0	0	0	0	0	0	0
empty-frozen	14	3450472	63286	0	0	0	63286	39390727	579525	67.97071222121565	0	0	0	0	0	0	0
empty-frozen	15	2577048	11185	0	0	0	11185	41967775	590710	71.04632560816644	0	0	0	0	0	0	0
empty-frozen	16	2703544	10487	0	0	0	10487	44671319	601197	74.30396192928441	0	0	0	0	0	0	0
empty-frozen	17	2954949	15005	0	0	0	15005	47626268	616202	77.29002502426152	0	0	0	0	0	0	0
empty-frozen	18	2553092	9138	0	0	0	9138	50179360	625340	80.24332363194422	0	0	0	0	0	0	0
empty-frozen	19	2978749	49223	0	0	0	49223	53158109	674563	78.80377221994091	0	0	0	0	0	0	0
empty-frozen	20	2754289	44070	0	0	0	44070	55912398	718633	77.80382754479686	0	0	0	0	0	0	0
empty-frozen	21	3513368	59123	0	0	0	59123	59425766	777756	76.40669567319314	0	0	0	0	0	0	0
empty-frozen	22	2303232	39687	0	0	0	39687	61728998	817443	75.51474292397145	0	0	0	0	0	0	0
empty-frozen	23	2877713	13791	0	0	0	13791	64606711	831234	77.72385513585826	0	0	0	0	0	0	0
empty-frozen	24	2960405	49448	0	0	0	49448	67567116	880682	76.72135458655906	0	0	0	0	0	0	0
empty-frozen	25	2989785	54278	0	0	0	54278	70556901	934960	75.46515465902284	0	0	0	0	0	0	0
empty-frozen	26	3053149	54407	0	0	0	54407	73610050	989367	74.40115750778023	0	0	0	0	0	0	0
empty-frozen	27	3565929	22636	0	0	0	22636	77175979	1012003	76.2606227451895	0	0	0	0	0	0	0
empty-frozen	28	3231488	23005	0	0	0	23005	80407467	1035008	77.68777342783824	0	0	0	0	0	0	0
empty-frozen	29	3587097	57348	0	0	0	57348	83994564	1092356	76.89303120960567	0	0	0	0	0	0	0
empty-frozen	30	6169252	57247	0	0	0	57247	90163816	1149603	78.43039379681507	0	0	0	0	0	0	0
empty-frozen	31	3819589	72038	0	0	0	72038	93983405	1221641	76.93209789127903	0	0	0	0	0	0	0
empty-frozen	32	3616215	67773	0	0	0	67773	97599620	1289414	75.69300472928012	0	0	0	0	0	0	0
empty-frozen	33	2719313	46954	0	0	0	46954	100318933	1336368	75.06834419860398	0	0	0	0	0	0	0
empty-frozen	34	3027493	11843	0	0	0	11843	103346426	1348211	76.65448954206722	0	0	0	0	0	0	0
empty-frozen	35	3313345	50095	0	0	0	50095	106659771	1398306	76.27784690904566	0	0	0	0	0	0	0
empty-frozen	36	3946697	63487	0	0	0	63487	110606468	1461793	75.66493203894122	0	0	0	0	0	0	0
empty-frozen	37	3344449	27313	0	0	0	27313	113950917	1489106	76.52303932695187	0	0	0	0	0	0	0
empty-frozen	38	3319311	17904	0	0	0	17904	117270228	1507010	77.81648960524483	0	0	0	0	0	0	0
empty-frozen	39	3328168	61435	0	0	0	61435	120598396	1568445	76.89042076706546	0	0	0	0	0	0	0
empty-frozen	40	3529713	63511	0	0	0	63511	124128109	1631956	76.06094098125195	0	0	0	0	0	0	0
empty-frozen	41	3993732	15955	0	0	0	15955	128121841	1647911	77.74803432952386	0	0	0	0	0	0	0
empty-frozen	42	6522530	90837	0	0	0	90837	134644371	1738748	77.43754184045072	0	0	0	0	0	0	0
empty-frozen	43	4023570	55266	0	0	0	55266	138667941	1794014	77.29479312870468	0	0	0	0	0	0	0
empty-frozen	44	3933581	68028	0	0	0	68028	142601522	1862042	76.58340789305504	0	0	0	0	0	0	0
empty-frozen	45	3659947	41061	0	0	0	41061	146261469	1903103	76.85420547390235	0	0	0	0	0	0	0
empty-frozen	46	3384732	13847	0	0	0	13847	149646201	1916950	78.0647387777459	0	0	0	0	0	0	0
empty-frozen	47	3114662	33242	0	0	0	33242	152760863	1950192	78.33119149294018	0	0	0	0	0	0	0
empty-frozen	48	3118257	16832	0	0	0	16832	155879120	1967024	79.24617086522585	0	0	0	0	0	0	0
empty-frozen	49	3148883	18933	0	0	0	18933	159028003	1985957	80.07625693809081	0	0	0	0	0	0	0
empty-frozen	50	3051078	55112	0	0	0	55112	162079081	2041069	79.40891807185352	0	0	0	0	0	0	0
empty-frozen	51	2367934	42324	0	0	0	42324	164447015	2083393	78.93230657873958	0	0	0	0	0	0	0
empty-frozen	52	3074931	16543	0	0	0	16543	167521946	2099936	79.77478646968288	0	0	0	0	0	0	0
empty-frozen	53	1531465	36154	0	0	0	36154	169053411	2136090	79.14152072244147	0	0	0	0	0	0	0
empty-frozen	54	3337664	13069	0	0	0	13069	172391075	2149159	80.21327179608396	0	0	0	0	0	0	0
empty-frozen	55	3337834	60809	0	0	0	60809	175728909	2209968	79.51649480897461	0	0	0	0	0	0	0
empty-frozen	56	3648909	67380	0	0	0	67380	179377818	2277348	78.76609898882384	0	0	0	0	0	0	0
empty-frozen	57	3415463	59389	0	0	0	59389	182793281	2336737	78.22586837971068	0	0	0	0	0	0	0
empty-frozen	58	3317892	13967	0	0	0	13967	186111173	2350704	79.17252576249498	0	0	0	0	0	0	0
empty-frozen	59	3327210	60491	0	0	0	60491	189438383	2411195	78.566181084483	0	0	0	0	0	0	0
empty-frozen	60	3320001	13911	0	0	0	13911	192758384	2425106	79.48451902720953	0	0	0	0	0	0	0
empty-frozen	61	3327469	60856	0	0	0	60856	196085853	2485962	78.87725274963978	0	0	0	0	0	0	0
empty-frozen	62	3676961	48418	0	0	0	48418	199762814	2534380	78.8211767769632	0	0	0	0	0	0	0
empty-frozen	63	3382776	46815	0	0	0	46815	203145590	2581195	78.70214764866661	0	0	0	0	0	0	0
empty-frozen	64	3354461	15380	0	0	0	15380	206500051	2596575	79.52785919913732	0	0	0	0	0	0	0
empty-frozen	65	2885221	13532	0	0	0	13532	209385272	2610107	80.22095339386469	0	0	0	0	0	0	0
empty-frozen	66	2652514	12982	0	0	0	12982	212037786	2623089	80.83514741589019	0	0	0	0	0	0	0
empty-frozen	67	3563148	26803	0	0	0	26803	215600934	2649892	81.3621589106273	0	0	0	0	0	0	0
empty-frozen	68	3045447	50105	0	0	0	50105	218646381	2699997	80.98023108914566	0	0	0	0	0	0	0
empty-frozen	69	3358932	31335	0	0	0	31335	222005313	2731332	81.28096950498878	0	0	0	0	0	0	0
empty-frozen	70	3287969	14740	0	0	0	14740	225293282	2746072	82.04201564999025	0	0	0	0	0	0	0
empty-frozen	71	3414301	46101	0	0	0	46101	228707583	2792173	81.91024803978837	0	0	0	0	0	0	0
empty-frozen	72	3882861	28049	0	0	0	28049	232590444	2820222	82.47238834389633	0	0	0	0	0	0	0
empty-frozen	73	3534933	20928	0	0	0	20928	236125377	2841150	83.10908505358745	0	0	0	0	0	0	0
empty-frozen	74	3604367	60862	0	0	0	60862	239729744	2902012	82.60811602433071	0	0	0	0	0	0	0
empty-frozen	75	4305798	29554	0	0	0	29554	244035542	2931566	83.24408933655255	0	0	0	0	0	0	0
empty-frozen	76	4069712	52179	0	0	0	52179	248105254	2983745	83.15229820242682	0	0	0	0	0	0	0
empty-frozen	77	4131751	56373	0	0	0	56373	252237005	3040118	82.96947848734818	0	0	0	0	0	0	0
empty-frozen	78	3333592	48246	0	0	0	48246	255570597	3088364	82.7527444951437	0	0	0	0	0	0	0
empty-frozen	79	3284342	60609	0	0	0	60609	258854939	3148973	82.20297188956526	0	0	0	0	0	0	0
empty-frozen	80	3421778	24833	0	0	0	24833	262276717	3173806	82.63791706235352	0	0	0	0	0	0	0
empty-frozen	81	3534201	61350	0	0	0	61350	265810918	3235156	82.16324591457105	0	0	0	0	0	0	0
empty-frozen	82	3046657	10080	0	0	0	10080	268857575	3245236	82.84684842643185	0	0	0	0	0	0	0
empty-frozen	83	5210113	67564	0	0	0	67564	274067688	3312800	82.72992272397971	0	0	0	0	0	0	0
empty-frozen	84	3397992	30551	0	0	0	30551	277465680	3343351	82.99029327163076	0	0	0	0	0	0	0
empty-frozen	85	3371666	55177	0	0	0	55177	280837346	3398528	82.63499550393583	0	0	0	0	0	0	0
empty-frozen	86	3116086	49152	0	0	0	49152	283953432	3447680	82.36072721366251	0	0	0	0	0	0	0
empty-frozen	87	3492684	24925	0	0	0	24925	287446116	3472605	82.7753562527267	0	0	0	0	0	0	0
empty-frozen	88	3461812	57900	0	0	0	57900	290907928	3530505	82.39839003202091	0	0	0	0	0	0	0
empty-frozen	89	3053060	26615	0	0	0	26615	293960988	3557120	82.64016620187118	0	0	0	0	0	0	0
empty-frozen	90	4476381	54637	0	0	0	54637	298437369	3611757	82.62941526797069	0	0	0	0	0	0	0
empty-frozen	91	4498960	59649	0	0	0	59649	302936329	3671406	82.51234785801407	0	0	0	0	0	0	0
empty-frozen	92	4381859	56623	0	0	0	56623	307318188	3728029	82.43449501063431	0	0	0	0	0	0	0
empty-frozen	93	4399032	57257	0	0	0	57257	311717220	3785286	82.34971412992307	0	0	0	0	0	0	0
empty-frozen	94	4617237	61453	0	0	0	61453	316334457	3846739	82.23444767113132	0	0	0	0	0	0	0
empty-frozen	95	4530052	59358	0	0	0	59358	320864509	3906097	82.14453174101924	0	0	0	0	0	0	0
empty-frozen	96	4520228	60324	0	0	0	60324	325384737	3966421	82.03484627577355	0	0	0	0	0	0	0
empty-frozen	97	4501403	16874	0	0	0	16874	329886140	3983295	82.81740117164307	0	0	0	0	0	0	0
empty-frozen	98	4529781	60470	0	0	0	60470	334415921	4043765	82.6991481948135	0	0	0	0	0	0	0
empty-frozen	99	4882057	18796	0	0	0	18796	339297978	4062561	83.51824821830368	0	0	0	0	0	0	0
empty-frozen	100	3021650	52395	0	0	0	52395	342319628	4114956	83.18913446462125	0	0	0	0	0	0	0
empty-frozen	101	4485840	57160	0	0	0	57160	346805468	4172116	83.12459864490825	0	0	0	0	0	0	0
empty-frozen	102	4357130	54527	0	0	0	54527	351162598	4226643	83.08309880914949	0	0	0	0	0	0	0
empty-frozen	103	4361374	48890	0	0	0	48890	355523972	4275533	83.15313482552935	0	0	0	0	0	0	0
empty-frozen	104	4362083	22009	0	0	0	22009	359886055	4297542	83.74230083149857	0	0	0	0	0	0	0
empty-frozen	105	3710304	13341	0	0	0	13341	363596359	4310883	84.34382445545378	0	0	0	0	0	0	0
empty-frozen	106	2779409	21222	0	0	0	21222	366375768	4332105	84.57222712745882	0	0	0	0	0	0	0
empty-frozen	107	3067436	18085	0	0	0	18085	369443204	4350190	84.92576278277501	0	0	0	0	0	0	0
empty-frozen	108	6260523	45144	0	0	0	45144	375703727	4395334	85.4778560628157	0	0	0	0	0	0	0
empty-frozen	109	1912978	6004	0	0	0	6004	377616705	4401338	85.79588865931224	0	0	0	0	0	0	0
empty-frozen	110	3857798	11904	0	0	0	11904	381474503	4413242	86.43860975672759	0	0	0	0	0	0	0
empty-frozen	111	5813666	42740	0	0	0	42740	387288169	4455982	86.91421307357166	0	0	0	0	0	0	0
empty-frozen	112	4230025	33738	0	0	0	33738	391518194	4489720	87.20325410047843	0	0	0	0	0	0	0
empty-frozen	113	3260129	57626	0	0	0	57626	394778323	4547346	86.81510555827509	0	0	0	0	0	0	0
empty-frozen	114	3229572	61349	0	0	0	61349	398007895	4608695	86.36021585286073	0	0	0	0	0	0	0
empty-frozen	115	3369149	26763	0	0	0	26763	401377044	4635458	86.58843290134438	0	0	0	0	0	0	0
empty-frozen	116	2821538	20978	0	0	0	20978	404198582	4656436	86.80428164372924	0	0	0	0	0	0	0
empty-frozen	117	2394223	10539	0	0	0	10539	406592805	4666975	87.1212734158636	0	0	0	0	0	0	0
empty-frozen	118	2990816	18840	0	0	0	18840	409583621	4685815	87.40925986194505	0	0	0	0	0	0	0
empty-frozen	119	2970354	18343	0	0	0	18343	412553975	4704158	87.69985510690755	0	0	0	0	0	0	0
empty-frozen	120	2996045	19170	0	0	0	19170	415550020	4723328	87.97822636920408	0	0	0	0	0	0	0
empty-frozen	121	3116557	50347	0	0	0	50347	418666577	4773675	87.70320078346347	0	0	0	0	0	0	0
empty-frozen	122	2483233	6439	0	0	0	6439	421149810	4780114	88.1045535734085	0	0	0	0	0	0	0
empty-frozen	123	2452170	44705	0	0	0	44705	423601980	4824819	87.79644998081794	0	0	0	0	0	0	0
empty-frozen	124	3113570	10328	0	0	0	10328	426715550	4835147	88.25285973725308	0	0	0	0	0	0	0
empty-frozen	125	3014709	5719	0	0	0	5719	429730259	4840866	88.7713601244075	0	0	0	0	0	0	0
empty-frozen	126	3383777	24094	0	0	0	24094	433114036	4864960	89.02725531145168	0	0	0	0	0	0	0
empty-frozen	127	2029953	40480	0	0	0	40480	435143989	4905440	88.70641349195995	0	0	0	0	0	0	0
empty-frozen	128	3358989	49728	0	0	0	49728	438502978	4955168	88.49406881865559	0	0	0	0	0	0	0
empty-frozen	129	2769771	10225	0	0	0	10225	441272749	4965393	88.8696522108119	0	0	0	0	0	0	0
empty-frozen	130	3853519	39506	0	0	0	39506	445126268	5004899	88.93811203782533	0	0	0	0	0	0	0
empty-frozen	131	3480300	48016	0	0	0	48016	448606568	5052915	88.7817364828025	0	0	0	0	0	0	0
empty-frozen	132	3064647	18996	0	0	0	18996	451671215	5071911	89.05345835129994	0	0	0	0	0	0	0
empty-frozen	133	2201575	36551	0	0	0	36551	453872790	5108462	88.84724795838747	0	0	0	0	0	0	0
empty-frozen	134	4137489	68747	0	0	0	68747	458010279	5177209	88.46663887820638	0	0	0	0	0	0	0
empty-frozen	135	4021180	36192	0	0	0	36192	462031459	5213401	88.62380986998699	0	0	0	0	0	0	0
empty-frozen	136	4611396	84481	0	0	0	84481	466642855	5297882	88.08102086833946	0	0	0	0	0	0	0
empty-frozen	137	4318577	82843	0	0	0	82843	470961432	5380725	87.52750456490529	0	0	0	0	0	0	0
empty-frozen	138	2960389	49219	0	0	0	49219	473921821	5429944	87.27932019188411	0	0	0	0	0	0	0
empty-frozen	139	4587131	48467	0	0	0	48467	478508952	5478411	87.34447853583822	0	0	0	0	0	0	0
empty-frozen	140	2688808	11355	0	0	0	11355	481197760	5489766	87.65360126460763	0	0	0	0	0	0	0
empty-frozen	141	2475370	9295	0	0	0	9295	483673130	5499061	87.95558550814403	0	0	0	0	0	0	0
empty-frozen	142	3698461	29060	0	0	0	29060	487371591	5528121	88.16225097098996	0	0	0	0	0	0	0
empty-frozen	143	4952154	78940	0	0	0	78940	492323745	5607061	87.80424272181095	0	0	0	0	0	0	0
empty-frozen	144	3780243	70582	0	0	0	70582	496103988	5677643	87.37851041356421	0	0	0	0	0	0	0
empty-frozen	145	3765707	35569	0	0	0	35569	499869695	5713212	87.49363667933204	0	0	0	0	0	0	0
empty-frozen	146	1492160	281	0	0	0	281	501361855	5713493	87.75049781280909	0	0	0	0	0	0	0
empty-frozen	147	3180377	14947	0	0	0	14947	504542232	5728440	88.07672455328152	0	0	0	0	0	0	0
empty-frozen	148	3267503	27327	0	0	0	27327	507809735	5755767	88.22624942948525	0	0	0	0	0	0	0
empty-frozen	149	2367465	41907	0	0	0	41907	510177200	5797674	87.996875988543	0	0	0	0	0	0	0
empty-frozen	150	3494722	29830	0	0	0	29830	513671922	5827504	88.14612945782619	0	0	0	0	0	0	0
empty-frozen	151	4133892	35023	0	0	0	35023	517805814	5862527	88.32467876054132	0	0	0	0	0	0	0
empty-frozen	152	2432794	677	0	0	0	677	520238608	5863204	88.72940596984175	0	0	0	0	0	0	0
empty-frozen	153	2566654	6531	0	0	0	6531	522805262	5869735	89.06794974560181	0	0	0	0	0	0	0
empty-frozen	154	2656734	19370	0	0	0	19370	525461996	5889105	89.22612111687599	0	0	0	0	0	0	0
empty-frozen	155	3155098	51883	0	0	0	51883	528617094	5940988	88.97797706374764	0	0	0	0	0	0	0
empty-frozen	156	2972007	44375	0	0	0	44375	531589101	5985363	88.81484732003723	0	0	0	0	0	0	0
empty-frozen	157	2702449	9132	0	0	0	9132	534291550	5994495	89.13036878002234	0	0	0	0	0	0	0
empty-frozen	158	1668044	34860	0	0	0	34860	535959594	6029355	88.89169637548295	0	0	0	0	0	0	0
empty-frozen	159	2683647	10761	0	0	0	10761	538643241	6040116	89.17763185342798	0	0	0	0	0	0	0
empty-frozen	160	2445669	11400	0	0	0	11400	541088910	6051516	89.41377829952032	0	0	0	0	0	0	0
empty-frozen	161	2377721	43744	0	0	0	43744	543466631	6095260	89.16217372187569	0	0	0	0	0	0	0
empty-frozen	162	2379334	13210	0	0	0	13210	545845965	6108470	89.35886809626633	0	0	0	0	0	0	0
empty-frozen	163	2622316	45976	0	0	0	45976	548468281	6154446	89.11740894306328	0	0	0	0	0	0	0
empty-frozen	164	2445826	16485	0	0	0	16485	550914107	6170931	89.27568741248281	0	0	0	0	0	0	0
empty-frozen	165	3588723	54820	0	0	0	54820	554502830	6225751	89.06601468642096	0	0	0	0	0	0	0
empty-frozen	166	3097273	14174	0	0	0	14174	557600103	6239925	89.36006490462626	0	0	0	0	0	0	0
empty-frozen	167	1546007	36389	0	0	0	36389	559146110	6276314	89.08829449896866	0	0	0	0	0	0	0
empty-frozen	168	4079136	66521	0	0	0	66521	563225246	6342835	88.79708300783483	0	0	0	0	0	0	0
empty-frozen	169	2646099	9799	0	0	0	9799	565871345	6352634	89.07664836349772	0	0	0	0	0	0	0
empty-frozen	170	1570109	371	0	0	0	371	567441454	6353005	89.3185908086016	0	0	0	0	0	0	0
empty-frozen	171	2546610	11282	0	0	0	11282	569988064	6364287	89.56039600351147	0	0	0	0	0	0	0
empty-frozen	172	2840113	13602	0	0	0	13602	572828177	6377889	89.81469840569505	0	0	0	0	0	0	0
empty-frozen	173	2981188	10418	0	0	0	10418	575809365	6388307	90.13489254664812	0	0	0	0	0	0	0
empty-frozen	174	2518772	45144	0	0	0	45144	578328137	6433451	89.89392116299635	0	0	0	0	0	0	0
empty-frozen	175	2543690	45794	0	0	0	45794	580871827	6479245	89.65115951009724	0	0	0	0	0	0	0
empty-frozen	176	2485814	170	0	0	0	170	583357641	6479415	90.0324552448022	0	0	0	0	0	0	0
empty-frozen	177	3622818	36391	0	0	0	36391	586980459	6515806	90.08562547749273	0	0	0	0	0	0	0
empty-frozen	178	2356162	6558	0	0	0	6558	589336621	6522364	90.3562912158843	0	0	0	0	0	0	0
empty-frozen	179	2750547	11854	0	0	0	11854	592087168	6534218	90.61331715593205	0	0	0	0	0	0	0
empty-frozen	180	2685803	46411	0	0	0	46411	594772971	6580629	90.3823891302792	0	0	0	0	0	0	0
empty-frozen	181	3140993	56408	0	0	0	56408	597913964	6637037	90.08748391789891	0	0	0	0	0	0	0
empty-frozen	182	2315543	19704	0	0	0	19704	600229507	6656741	90.16867367980818	0	0	0	0	0	0	0
empty-frozen	183	2528919	42375	0	0	0	42375	602758426	6699116	89.97581561507518	0	0	0	0	0	0	0
empty-frozen	184	2185280	6076	0	0	0	6076	604943706	6705192	90.2201914576048	0	0	0	0	0	0	0
empty-frozen	185	2162772	4772	0	0	0	4772	607106478	6709964	90.47835100158511	0	0	0	0	0	0	0
empty-frozen	186	2518303	7284	0	0	0	7284	609624781	6717248	90.75513975366103	0	0	0	0	0	0	0
empty-frozen	187	2273943	42778	0	0	0	42778	611898724	6760026	90.5172145787605	0	0	0	0	0	0	0
empty-frozen	188	2198584	11789	0	0	0	11789	614097308	6771815	90.68430073768997	0	0	0	0	0	0	0
empty-frozen	189	2008110	36841	0	0	0	36841	616105418	6808656	90.48855133817894	0	0	0	0	0	0	0
empty-frozen	190	2008279	33894	0	0	0	33894	618113697	6842550	90.33382247846198	0	0	0	0	0	0	0
empty-frozen	191	2264219	9692	0	0	0	9692	620377916	6852242	90.53648659810905	0	0	0	0	0	0	0
empty-frozen	192	3429081	58121	0	0	0	58121	623806997	6910363	90.27123423183413	0	0	0	0	0	0	0
empty-frozen	193	5047249	31072	0	0	0	31072	628854246	6941435	90.59427135743546	0	0	0	0	0	0	0
empty-frozen	194	5631171	26215	0	0	0	26215	634485417	6967650	91.06160857677983	0	0	0	0	0	0	0
empty-frozen	195	2832668	48748	0	0	0	48748	637318085	7016398	90.83265872317962	0	0	0	0	0	0	0
empty-frozen	196	5029293	68840	0	0	0	68840	642347378	7085238	90.65995778829166	0	0	0	0	0	0	0
empty-frozen	197	3388209	63709	0	0	0	63709	645735587	7148947	90.32597206273876	0	0	0	0	0	0	0
empty-frozen	198	2270811	20231	0	0	0	20231	648006398	7169178	90.38782382024829	0	0	0	0	0	0	0
empty-frozen	199	1745052	2096	0	0	0	2096	649751450	7171274	90.6047447078441	0	0	0	0	0	0	0
empty-frozen	200	1729219	2343	0	0	0	2343	651480669	7173617	90.81620457295114	0	0	0	0	0	0	0
empty-online-k2	1	1413571	35844	0	0	1	35845	1413571	35845	39.43565350816014	0	0	0	0	0	47618	47618
empty-online-k2	2	4264831	70827	0	0	1	70828	5678402	106673	53.23185810842481	6	6	0	0	0	464644	464674
empty-online-k2	3	2842558	54292	0	0	1	54293	8520960	160966	52.936396506094454	494	494	0	0	0	635843	644065
empty-online-k2	4	2489870	33363	607	0	1	33971	11010830	194937	56.48404356279208	1363	1363	192	0	1	1003808	1020219
empty-online-k2	5	2520111	23385	591	0	1	23977	13530941	218914	61.80939090236348	1824	1824	424	0	2	1098916	1123516
empty-online-k2	6	3638448	36386	517	0	1	36904	17169389	255818	67.11564080713633	2080	2080	574	0	3	1223836	1256624
empty-online-k2	7	2631364	11061	759	0	1	11821	19800753	267639	73.98306300651251	2159	2159	687	0	4	1254930	1295909
empty-online-k2	8	2505720	2024	707	0	1	2732	22306473	270371	82.50320115692881	2285	2285	725	0	5	1230348	1279517
empty-online-k2	9	2569473	1698	0	0	1	1699	24875946	272070	91.43215348991069	2504	2504	725	0	6	1232743	1290103
empty-online-k2	10	2540908	5266	37	0	1	5304	27416854	277374	98.84435455377937	2834	2834	727	0	7	1345436	1410986
empty-online-k2	11	2967891	12812	790	0	1	13603	30384745	290977	104.42318465033318	3585	3585	855	0	8	1598144	1671885
empty-online-k2	12	2925240	10757	1056	0	1	11814	33309985	302791	110.00982525900704	4188	4188	1064	0	9	1823334	1905266
empty-online-k2	13	2630270	3690	1449	0	1	5140	35940255	307931	116.71528686621353	4674	4674	1362	0	10	2031052	2121174
empty-online-k2	14	3450472	20040	1339	0	1	21380	39390727	329311	119.61558223077881	5000	5000	1782	0	11	2302496	2400808
empty-online-k2	15	2577048	1189	536	0	1	1726	41967775	331037	126.77668961475605	5216	5216	1889	0	12	2305433	2411937
empty-online-k2	16	2703544	3468	375	0	1	3844	44671319	334881	133.3946058450614	5563	5563	1964	0	13	2304415	2419110
empty-online-k2	17	2954949	5286	449	0	1	5736	47626268	340617	139.82352025882443	5842	5842	2022	0	14	2323316	2446202
empty-online-k2	18	2553092	804	177	0	1	982	50179360	341599	146.89551198920373	5988	5988	2050	0	15	2298325	2429401
empty-online-k2	19	2978749	6935	1445	0	1	8381	53158109	349980	151.88899079947424	6255	6255	2382	0	16	2428254	2567521
empty-online-k2	20	2754289	4232	908	0	1	5141	55912398	355121	157.44604796674935	6598	6598	2544	0	17	2479510	2626969
empty-online-k2	21	3513368	14992	1420	0	1	16413	59425766	371534	159.94704656908922	6912	6912	2933	0	18	2603428	2759077
empty-online-k2	22	2303232	2397	785	0	1	3183	61728998	374717	164.734981332579	7134	7134	3078	0	19	2684628	2848467
empty-online-k2	23	2877713	1400	458	0	1	1859	64606711	376576	171.56353830302515	7326	7326	3151	0	20	2682683	2854714
empty-online-k2	24	2960405	2649	942	0	1	3592	67567116	380168	177.72962479745797	7690	7690	3284	0	21	2715710	2895929
empty-online-k2	25	2989785	8312	667	0	1	8980	70556901	389148	181.31122606309168	7922	7922	3400	0	22	2865307	3053718
empty-online-k2	26	3053149	7716	681	0	1	8398	73610050	397546	185.1610882765768	8158	8158	3531	0	23	2978688	3175291
empty-online-k2	27	3565929	7173	617	0	1	7791	77175979	405337	190.39954161598868	8650	8650	3624	0	24	3019909	3224704
empty-online-k2	28	3231488	7460	766	0	1	8227	80407467	413564	194.42569227495625	8850	8850	3760	0	25	3071382	3284369
empty-online-k2	29	3587097	10090	856	0	1	10947	83994564	424511	197.86192583937753	9182	9182	3938	0	26	3246946	3468125
empty-online-k2	30	6169252	31136	1260	0	1	32397	90163816	456908	197.3347282166213	9384	9384	4153	0	27	3524580	3753949
empty-online-k2	31	3819589	11999	767	0	1	12767	93983405	469675	200.10306062702932	9628	9628	4316	0	28	3785641	4023202
empty-online-k2	32	3616215	12406	587	0	1	12994	97599620	482669	202.20817993283183	9922	9922	4402	0	29	3939012	4184763
empty-online-k2	33	2719313	1795	417	0	1	2213	100318933	484882	206.89349779946463	10134	10134	4464	0	30	4022427	4276370
empty-online-k2	34	3027493	3327	895	0	1	4223	103346426	489105	211.29701393361344	10336	10336	4599	0	31	4021094	4283227
empty-online-k2	35	3313345	1954	771	0	1	2726	106659771	491831	216.8626438756402	10531	10531	4790	0	32	4064014	4334335
empty-online-k2	36	3946697	6294	645	0	1	6940	110606468	498771	221.75801720629306	10767	10767	4888	0	33	4211545	4490058
empty-online-k2	37	3344449	1944	323	0	1	2268	113950917	501039	227.4292360474933	11034	11034	4951	0	34	4282160	4568864
empty-online-k2	38	3319311	1457	368	0	1	1826	117270228	502865	233.20419595716544	11215	11215	4997	0	35	4308421	4603310
empty-online-k2	39	3328168	2118	822	0	1	2941	120598396	505806	238.42816415779964	11386	11386	5095	0	36	4439968	4743048
empty-online-k2	40	3529713	5648	747	0	1	6396	124128109	512202	242.34210135844842	11629	11629	5188	0	37	4561643	4872914
empty-online-k2	41	3993732	4561	535	0	1	5097	128121841	517299	247.67463497899666	11881	11881	5279	0	38	4597746	4917205
empty-online-k2	42	6522530	28968	604	0	1	29573	134644371	546872	246.20820045641392	12133	12133	5412	0	39	4794419	5122066
empty-online-k2	43	4023570	2372	455	0	1	2828	138667941	549700	252.26112606876478	12467	12467	5480	0	40	4844847	5180684
empty-online-k2	44	3933581	3731	1336	0	1	5068	142601522	554768	257.04712961093645	12639	12639	5754	0	41	4988860	5332885
empty-online-k2	45	3659947	3142	232	0	1	3375	146261469	558143	262.0501717301838	12861	12861	5783	0	42	5058848	5411063
empty-online-k2	46	3384732	2357	955	0	1	3313	149646201	561456	266.5323747542105	12994	12994	5918	0	43	5042532	5402936
empty-online-k2	47	3114662	2126	596	0	1	2723	152760863	564179	270.76665916313794	13153	13153	5992	0	44	5043629	5412224
empty-online-k2	48	3118257	1464	356	0	1	1821	155879120	566000	275.40480565371024	13280	13280	6027	0	45	5053706	5429596
empty-online-k2	49	3148883	2421	813	0	1	3235	159028003	569235	279.3714423744148	13452	13452	6138	0	46	5039968	5424050
empty-online-k2	50	3051078	1386	825	0	1	2212	162079081	571447	283.62924470685823	13553	13553	6215	0	47	5075772	5468043
empty-online-k2	51	2367934	1365	450	0	1	1816	164447015	573263	286.86137950643945	13732	13732	6263	0	48	5143266	5543728
empty-online-k2	52	3074931	1416	835	0	1	2252	167521946	575515	291.08180672962476	13803	13803	6346	0	49	5152715	5561368
empty-online-k2	53	1531465	771	570	0	1	1342	169053411	576857	293.05947747882055	13920	13920	6395	0	50	5148341	5565183
empty-online-k2	54	3337664	1975	1145	0	1	3121	172391075	579978	297.2372658962926	14100	14100	6469	0	51	5149657	5574691
empty-online-k2	55	3337834	2065	353	0	1	2419	175728909	582397	301.733884274816	14272	14272	6510	0	52	5167202	5600424
empty-online-k2	56	3648909	7014	808	0	1	7823	179377818	590220	303.91687506353566	14459	14459	6620	0	53	5256029	5697442
empty-online-k2	57	3415463	3940	664	0	1	4605	182793281	594825	307.30598243180765	14710	14710	6697	0	54	5342320	5791924
empty-online-k2	58	3317892	1378	302	0	1	1681	186111173	596506	312.00218103422264	14867	14867	6730	0	55	5331858	5789651
empty-online-k2	59	3327210	1898	799	0	1	2698	189438383	599204	316.15006408501944	15010	15010	6813	0	56	5398615	5864599
empty-online-k2	60	3320001	1130	424	0	1	1555	192758384	600759	320.8580878522003	15221	15221	6879	0	57	5370247	5844418
empty-online-k2	61	3327469	1576	363	0	1	1940	196085853	602699	325.3462391674783	15373	15373	6923	0	58	5460078	5942437
empty-online-k2	62	3676961	1771	997	0	1	2769	199762814	605468	329.9312498761289	15536	15536	7038	0	59	5494946	5985496
empty-online-k2	63	3382776	1946	638	0	1	2585	203145590	608053	334.0919130404751	15682	15682	7107	0	60	5519340	6018080
empty-online-k2	64	3354461	1358	906	0	1	2265	206500051	610318	338.34828892479004	15790	15790	7192	0	61	5509008	6015936
empty-online-k2	65	2885221	883	410	0	1	1294	209385272	611612	342.3498427107382	16007	16007	7233	0	62	5487828	6002937
empty-online-k2	66	2652514	822	245	0	1	1068	212037786	612680	346.0824345498466	16063	16063	7256	0	63	5497483	6016636
empty-online-k2	67	3563148	1439	885	0	1	2325	215600934	615005	350.56777424573784	16106	16106	7333	0	64	5519176	6043464
empty-online-k2	68	3045447	1477	470	0	1	1948	218646381	616953	354.3971437046258	16106	16106	7370	0	65	5519176	6043464
empty-online-k2	69	3358932	1039	1152	0	1	2192	222005313	619145	358.56756171817585	16106	16106	7450	0	66	5519176	6043464
empty-online-k2	70	3287969	2302	899	0	1	3202	225293282	622347	362.00589381807896	16106	16106	7538	0	67	5519176	6043464
empty-online-k2	71	3414301	969	772	0	1	1742	228707583	624089	366.46629407023676	16106	16106	7602	0	68	5519176	6043464
empty-online-k2	72	3882861	5688	200	0	1	5889	232590444	629978	369.2040737930531	16106	16106	7638	0	69	5519176	6043464
empty-online-k2	73	3534933	1142	130	0	1	1273	236125377	631251	374.0594105989535	16106	16106	7648	0	70	5519176	6043464
empty-online-k2	74	3604367	4754	587	0	1	5342	239729744	636593	376.5824380726775	16106	16106	7720	0	71	5519176	6043464
empty-online-k2	75	4305798	5884	164	0	1	6049	244035542	642642	379.7379287379287	16106	16106	7740	0	72	5519176	6043464
empty-online-k2	76	4069712	2511	453	0	1	2965	248105254	645607	384.29765166734563	16106	16106	7784	0	73	5519176	6043464
empty-online-k2	77	4131751	2075	165	0	1	2241	252237005	647848	389.3459654116398	16106	16106	7797	0	74	5519176	6043464
empty-online-k2	78	3333592	1079	239	0	1	1319	255570597	649167	393.6900628035621	16106	16106	7823	0	75	5519176	6043464
empty-online-k2	79	3284342	970	798	0	1	1769	258854939	650936	397.66572904248653	16106	16106	7919	0	76	5519176	6043464
empty-online-k2	80	3421778	1403	268	0	1	1672	262276717	652608	401.89013465970385	16106	16106	7945	0	77	5519176	6043464
empty-online-k2	81	3534201	1185	310	0	1	1496	265810918	654104	406.37409035871974	16106	16106	7976	0	78	5519176	6043464
empty-online-k2	82	3046657	839	88	0	1	928	268857575	655032	410.4495276566641	16106	16106	7982	0	79	5519176	6043464
empty-online-k2	83	5210113	10204	362	0	1	10567	274067688	665599	411.7609671889531	16106	16106	8020	0	80	5519176	6043464
empty-online-k2	84	3397992	1900	436	0	1	2337	277465680	667936	415.4075839601399	16106	16106	8068	0	81	5519176	6043464
empty-online-k2	85	3371666	1501	172	0	1	1674	280837346	669610	419.4043488000478	16106	16106	8089	0	82	5519176	6043464
empty-online-k2	86	3116086	1162	408	0	1	1571	283953432	671181	423.0653609086074	16106	16106	8123	0	83	5519176	6043464
empty-online-k2	87	3492684	1447	165	0	1	1613	287446116	672794	427.2423892008549	16106	16106	8155	0	84	5519176	6043464
empty-online-k2	88	3461812	2381	456	0	1	2838	290907928	675632	430.57156558599945	16106	16106	8206	0	85	5519176	6043464
empty-online-k2	89	3053060	1142	36	0	1	1179	293960988	676811	434.3324620905984	16106	16106	8209	0	86	5519176	6043464
empty-online-k2	90	4476381	8415	31	0	1	8447	298437369	685258	435.5109593758847	16106	16106	8211	0	87	5519176	6043464
empty-online-k2	91	4498960	3793	0	0	1	3794	302936329	689052	439.642188107719	16106	16106	8211	0	88	5519176	6043464
empty-online-k2	92	4381859	10157	157	0	1	10315	307318188	699367	439.42334711246025	16106	16106	8226	0	89	5519176	6043464
empty-online-k2	93	4399032	7882	137	0	1	8020	311717220	707387	440.66009129373316	16106	16106	8242	0	90	5519176	6043464
empty-online-k2	94	4617237	6372	0	0	1	6373	316334457	713760	443.1944309011432	16106	16106	8242	0	91	5519176	6043464
empty-online-k2	95	4530052	6711	0	0	1	6712	320864509	720472	445.35319762600074	16106	16106	8242	0	92	5519176	6043464
empty-online-k2	96	4520228	1605	0	0	1	1606	325384737	722078	450.6226986558239	16106	16106	8242	0	93	5519176	6043464
empty-online-k2	97	4501403	6998	40	0	1	7039	329886140	729117	452.44609575692243	16106	16106	8244	0	94	5519176	6043464
empty-online-k2	98	4529781	6984	19	0	1	7004	334415921	736121	454.2947708325126	16106	16106	8245	0	95	5519176	6043464
empty-online-k2	99	4882057	2395	93	0	1	2489	339297978	738610	459.3736586290465	16106	16106	8252	0	96	5519176	6043464
empty-online-k2	100	3021650	889	35	0	1	925	342319628	739535	462.88495879167317	16106	16106	8254	0	97	5519176	6043464
empty-online-k2	101	4485840	1459	221	0	1	1681	346805468	741216	467.887185381859	16106	16106	8274	0	98	5519176	6043464
empty-online-k2	102	4357130	1716	288	0	1	2005	351162598	743221	472.48745393362134	16106	16106	8301	0	99	5519176	6043464
empty-online-k2	103	4361374	1606	21	0	1	1628	355523972	744849	477.3101286300982	16106	16106	8302	0	100	5519176	6043464
empty-online-k2	104	4362083	1565	750	0	1	2316	359886055	747165	481.66878132674844	16106	16106	8342	0	101	5519176	6043464
empty-online-k2	105	3710304	8245	56	0	1	8302	363596359	755467	481.28688480105683	16106	16106	8347	0	102	5519176	6043464
empty-online-k2	106	2779409	2077	130	0	1	2208	366375768	757675	483.5526683604448	16106	16106	8357	0	103	5519176	6043464
empty-online-k2	107	3067436	2016	19	0	1	2036	369443204	759711	486.29439879111925	16106	16106	8358	0	104	5519176	6043464
empty-online-k2	108	6260523	24046	158	0	1	24205	375703727	783916	479.2652873522163	16106	16106	8378	0	105	5519176	6043464
empty-online-k2	109	1912978	447	0	0	1	448	377616705	784364	481.4304391838483	16106	16106	8378	0	106	5519176	6043464
empty-online-k2	110	3857798	1752	0	0	1	1753	381474503	786117	485.26428381525903	16106	16106	8378	0	107	5519176	6043464
empty-online-k2	111	5813666	6062	100	0	1	6163	387288169	792280	488.8273956177109	16106	16106	8391	0	108	5519176	6043464
empty-online-k2	112	4230025	7769	109	0	1	7879	391518194	800159	489.30049402681215	16106	16106	8408	0	109	5519176	6043464
empty-online-k2	113	3260129	8201	248	0	1	8450	394778323	808609	488.2190564290034	16106	16106	8442	0	110	5519176	6043464
empty-online-k2	114	3229572	9268	507	0	1	9776	398007895	818385	486.3333211141455	16106	16106	8477	0	111	5519176	6043464
empty-online-k2	115	3369149	4773	56	0	1	4830	401377044	823215	487.5725588090596	16106	16106	8484	0	112	5519176	6043464
empty-online-k2	116	2821538	6830	182	0	1	7013	404198582	830228	486.8525055767813	16106	16106	8545	0	113	5519176	6043464
empty-online-k2	117	2394223	1858	20	0	1	1879	406592805	832107	488.6304345474801	16106	16106	8546	0	114	5519176	6043464
empty-online-k2	118	2990816	2319	25	0	1	2345	409583621	834452	490.8414396514119	16106	16106	8547	0	115	5519176	6043464
empty-online-k2	119	2970354	1396	34	0	1	1431	412553975	835883	493.554690070261	16106	16106	8550	0	116	5519176	6043464
empty-online-k2	120	2996045	1678	0	0	1	1679	415550020	837562	496.1423990104613	16106	16106	8550	0	117	5519176	6043464
empty-online-k2	121	3116557	4603	320	0	1	4924	418666577	842486	496.94188033985137	16106	16106	8594	0	118	5519176	6043464
empty-online-k2	122	2483233	4660	0	0	1	4661	421149810	847147	497.1389971280073	16106	16106	8594	0	119	5519176	6043464
empty-online-k2	123	2452170	5036	199	0	1	5236	423601980	852383	496.9620229403918	16106	16106	8617	0	120	5519176	6043464
empty-online-k2	124	3113570	3049	0	0	1	3050	426715550	855433	498.8298908272185	16106	16106	8617	0	121	5519176	6043464
empty-online-k2	125	3014709	1226	0	0	1	1227	429730259	856660	501.63455630004904	16106	16106	8617	0	122	5519176	6043464
empty-online-k2	126	3383777	4192	28	0	1	4221	433114036	860881	503.1055813753585	16106	16106	8619	0	123	5519176	6043464
empty-online-k2	127	2029953	657	0	0	1	658	435143989	861539	505.07752870154457	16106	16106	8619	0	124	5519176	6043464
empty-online-k2	128	3358989	3936	111	0	1	4048	438502978	865587	506.5960764198168	16106	16106	8626	0	125	5519176	6043464
empty-online-k2	129	2769771	2668	32	0	1	2701	441272749	868288	508.21012037480654	16106	16106	8628	0	126	5519176	6043464
empty-online-k2	130	3853519	15161	80	0	1	15242	445126268	883530	503.80436204769507	16106	16106	8636	0	127	5519176	6043464
empty-online-k2	131	3480300	12046	23	0	1	12070	448606568	895600	500.90058954890577	16106	16106	8637	0	128	5519176	6043464
empty-online-k2	132	3064647	11261	34	0	1	11296	451671215	906896	498.0408062225437	16106	16106	8640	0	129	5519176	6043464
empty-online-k2	133	2201575	1583	71	0	1	1655	453872790	908551	499.5567557572442	16106	16106	8647	0	130	5519176	6043464
empty-online-k2	134	4137489	10117	592	0	1	10710	458010279	919261	498.237474449585	16106	16106	8680	0	131	5519176	6043464
empty-online-k2	135	4021180	12534	0	0	1	12535	462031459	931796	495.85044258614545	16106	16106	8680	0	132	5519176	6043464
empty-online-k2	136	4611396	33648	191	0	1	33840	466642855	965636	483.2492315945139	16106	16106	8697	0	133	5519176	6043464
empty-online-k2	137	4318577	30025	405	0	1	30431	470961432	996067	472.821037139068	16106	16106	8728	0	134	5519176	6043464
empty-online-k2	138	2960389	5850	127	0	1	5978	473921821	1002045	472.95462878413645	16106	16106	8744	0	135	5519176	6043464
empty-online-k2	139	4587131	2649	118	0	1	2768	478508952	1004813	476.21691996421225	16106	16106	8749	0	136	5519176	6043464
empty-online-k2	140	2688808	1328	40	0	1	1369	481197760	1006182	478.2412724536913	16106	16106	8753	0	137	5519176	6043464
empty-online-k2	141	2475370	5544	0	0	1	5545	483673130	1011727	478.0668401653806	16106	16106	8753	0	138	5519176	6043464
empty-online-k2	142	3698461	1633	52	0	1	1686	487371591	1013413	480.92099765840777	16106	16106	8757	0	139	5519176	6043464
empty-online-k2	143	4952154	17618	375	0	1	17994	492323745	1031407	477.3321734291119	16106	16106	8797	0	140	5519176	6043464
empty-online-k2	144	3780243	12468	207	0	1	12676	496103988	1044083	475.1576148639524	16106	16106	8820	0	141	5519176	6043464
empty-online-k2	145	3765707	10051	0	0	1	10052	499869695	1054135	474.1989356202005	16106	16106	8820	0	142	5519176	6043464
empty-online-k2	146	1492160	442	0	0	1	443	501361855	1054578	475.414672978196	16106	16106	8820	0	143	5519176	6043464
empty-online-k2	147	3180377	6168	52	0	1	6221	504542232	1060799	475.62472438228167	16106	16106	8824	0	144	5519176	6043464
empty-online-k2	148	3267503	2348	58	0	1	2407	507809735	1063206	477.62120887203423	16106	16106	8827	0	145	5519176	6043464
empty-online-k2	149	2367465	1228	151	0	1	1380	510177200	1064586	479.2259150505455	16106	16106	8833	0	146	5519176	6043464
empty-online-k2	150	3494722	4496	0	0	1	4497	513671922	1069083	480.478991808868	16106	16106	8833	0	147	5519176	6043464
empty-online-k2	151	4133892	8433	48	0	1	8482	517805814	1077565	480.533252286405	16106	16106	8837	0	148	5519176	6043464
empty-online-k2	152	2432794	1168	0	0	1	1169	520238608	1078734	482.26773977644166	16106	16106	8837	0	149	5519176	6043464
empty-online-k2	153	2566654	1090	29	0	1	1120	522805262	1079854	484.144395446051	16106	16106	8839	0	150	5519176	6043464
empty-online-k2	154	2656734	1319	39	0	1	1359	525461996	1081213	485.99304299892805	16106	16106	8842	0	151	5519176	6043464
empty-online-k2	155	3155098	1947	136	0	1	2084	528617094	1083297	487.97060639879925	16106	16106	8860	0	152	5519176	6043464
empty-online-k2	156	2972007	1975	20	0	1	1996	531589101	1085293	489.8116001853877	16106	16106	8861	0	153	5519176	6043464
empty-online-k2	157	2702449	908	39	0	1	948	534291550	1086241	491.87201551037015	16106	16106	8863	0	154	5519176	6043464
empty-online-k2	158	1668044	737	169	0	1	907	535959594	1087148	492.9959803081089	16106	16106	8873	0	155	5519176	6043464
empty-online-k2	159	2683647	1397	76	0	1	1474	538643241	1088622	494.79363911440333	16106	16106	8877	0	156	5519176	6043464
empty-online-k2	160	2445669	845	0	0	1	846	541088910	1089468	496.65424776129265	16106	16106	8877	0	157	5519176	6043464
empty-online-k2	161	2377721	942	42	0	1	985	543466631	1090453	498.38611201032967	16106	16106	8879	0	158	5519176	6043464
empty-online-k2	162	2379334	823	0	0	1	824	545845965	1091277	500.1901121346826	16106	16106	8879	0	159	5519176	6043464
empty-online-k2	163	2622316	1125	25	0	1	1151	548468281	1092428	502.0635510990198	16106	16106	8880	0	160	5519176	6043464
empty-online-k2	164	2445826	796	0	0	1	797	550914107	1093225	503.93478652610395	16106	16106	8880	0	161	5519176	6043464
empty-online-k2	165	3588723	2299	52	0	1	2352	554502830	1095577	506.12857882193583	16106	16106	8883	0	162	5519176	6043464
empty-online-k2	166	3097273	2040	33	0	1	2074	557600103	1097651	507.99398260467126	16106	16106	8885	0	163	5519176	6043464
empty-online-k2	167	1546007	815	35	0	1	851	559146110	1098502	509.0078215606344	16106	16106	8888	0	164	5519176	6043464
empty-online-k2	168	4079136	3073	60	0	1	3134	563225246	1101636	511.262564041117	16106	16106	8891	0	165	5519176	6043464
empty-online-k2	169	2646099	1283	0	0	1	1284	565871345	1102920	513.066537010844	16106	16106	8891	0	166	5519176	6043464
empty-online-k2	170	1570109	686	0	0	1	687	567441454	1103607	514.1698575670506	16106	16106	8891	0	167	5519176	6043464
empty-online-k2	171	2546610	622	0	0	1	623	569988064	1104230	516.1859974824085	16106	16106	8891	0	168	5519176	6043464
empty-online-k2	172	2840113	1669	36	0	1	1706	572828177	1105936	517.9577995471709	16106	16106	8894	0	169	5519176	6043464
empty-online-k2	173	2981188	1205	38	0	1	1244	575809365	1107180	520.0684306074893	16106	16106	8897	0	170	5519176	6043464
empty-online-k2	174	2518772	861	0	0	1	862	578328137	1108042	521.9370177303748	16106	16106	8897	0	171	5519176	6043464
empty-online-k2	175	2543690	954	22	0	1	977	580871827	1109019	523.7708524380556	16106	16106	8898	0	172	5519176	6043464
empty-online-k2	176	2485814	581	0	0	1	582	583357641	1109601	525.7364052483731	16106	16106	8898	0	173	5519176	6043464
empty-online-k2	177	3622818	2042	76	0	1	2119	586980459	1111720	527.9930728960529	16106	16106	8904	0	174	5519176	6043464
empty-online-k2	178	2356162	524	0	0	1	525	589336621	1112245	529.8622344897033	16106	16106	8904	0	175	5519176	6043464
empty-online-k2	179	2750547	829	72	0	1	902	592087168	1113147	531.903843787029	16106	16106	8909	0	176	5519176	6043464
empty-online-k2	180	2685803	1136	246	0	1	1383	594772971	1114530	533.6536217060107	16106	16106	8928	0	177	5519176	6043464
empty-online-k2	181	3140993	4426	110	0	1	4537	597913964	1119067	534.2968419227803	16106	16106	8934	0	178	5519176	6043464
empty-online-k2	182	2315543	1800	0	0	1	1801	600229507	1120868	535.5041869336978	16106	16106	8934	0	179	5519176	6043464
empty-online-k2	183	2528919	2721	206	0	1	2928	602758426	1123796	536.3592911880804	16106	16106	9002	0	180	5519176	6043464
empty-online-k2	184	2185280	641	0	0	1	642	604943706	1124438	537.9964978060151	16106	16106	9002	0	181	5519176	6043464
empty-online-k2	185	2162772	737	31	0	1	769	607106478	1125207	539.5509252964122	16106	16106	9004	0	182	5519176	6043464
empty-online-k2	186	2518303	1305	44	0	1	1350	609624781	1126557	541.1397567988126	16106	16106	9006	0	183	5519176	6043464
empty-online-k2	187	2273943	775	0	0	1	776	611898724	1127333	542.7843627393148	16106	16106	9006	0	184	5519176	6043464
empty-online-k2	188	2198584	837	63	0	1	901	614097308	1128234	544.2995938785748	16106	16106	9009	0	185	5519176	6043464
empty-online-k2	189	2008110	1028	58	0	1	1087	616105418	1129321	545.5538487285723	16106	16106	9013	0	186	5519176	6043464
empty-online-k2	190	2008279	1207	70	0	1	1278	618113697	1130599	546.7134651631569	16106	16106	9016	0	187	5519176	6043464
empty-online-k2	191	2264219	805	0	0	1	806	620377916	1131405	548.3252380889248	16106	16106	9016	0	188	5519176	6043464
empty-online-k2	192	3429081	2895	0	0	1	2896	623806997	1134301	549.9483796628937	16106	16106	9016	0	189	5519176	6043464
empty-online-k2	193	5047249	19733	0	0	1	19734	628854246	1154035	544.9178283154324	16106	16106	9016	0	190	5519176	6043464
empty-online-k2	194	5631171	12907	41	0	1	12949	634485417	1166984	543.6967576247832	16106	16106	9018	0	191	5519176	6043464
empty-online-k2	195	2832668	1263	75	0	1	1339	637318085	1168323	545.4981927086944	16106	16106	9023	0	192	5519176	6043464
empty-online-k2	196	5029293	15500	49	0	1	15550	642347378	1183873	542.5813224898279	16106	16106	9028	0	193	5519176	6043464
empty-online-k2	197	3388209	4688	71	0	1	4760	645735587	1188633	543.2590101402199	16106	16106	9033	0	194	5519176	6043464
empty-online-k2	198	2270811	2352	0	0	1	2353	648006398	1190986	544.0923722025279	16106	16106	9033	0	195	5519176	6043464
empty-online-k2	199	1745052	2170	26	0	1	2197	649751450	1193183	544.5530568236389	16106	16106	9035	0	196	5519176	6043464
empty-online-k2	200	1729219	649	0	0	1	650	651480669	1193833	545.7050265824449	16106	16106	9035	0	197	5519176	6043464
