logical	physical	worker	raw	wire	latency_ns	cumulative_raw	cumulative_wire	b_root	b_need	b_fill	b_control	b_carry	split_ok	c_root	c_block	c_path	c_region_control	c_raw_run	c_array_control	c_array_values	missing_regions
0	0	0	5348202	838288	71027229	5348202	838288	12957	12737	812544	24	26	1	12877	72	4788	171982	635710	30	17	6844
1	1	0	5348204	13989	10065992	10696406	852277	12961	11	993	24	0	1	4	12949	1	870	105	1	1	1
2	2	0	5348198	680	5198602	16044604	852957	12	11	633	24	0	1	4	1	1	513	102	1	1	1
3	3	0	5348178	675	5801680	21392782	853632	12	11	628	24	0	1	4	1	1	515	95	1	1	1
4	4	0	5348216	690	5908860	26740998	854322	12	11	643	24	0	1	4	1	1	518	107	1	1	1
5	5	0	5348218	689	5653100	32089216	855011	12	11	642	24	0	1	4	1	1	517	107	1	1	1
6	6	0	5348244	701	5790360	37437460	855712	12	11	654	24	0	1	4	1	1	518	118	1	1	1
7	7	0	5348246	701	5555951	42785706	856413	12	11	654	24	0	1	4	1	1	518	118	1	1	1
8	8	0	5348518	720	5746140	48134224	857133	12	11	673	24	0	1	4	1	1	514	140	1	1	1
9	9	0	5348202	684	5740730	53482426	857817	12	11	637	24	0	1	4	1	1	514	105	1	1	1
10	10	0	5348180	675	6562519	58830606	858492	12	11	628	24	0	1	4	1	1	515	95	1	1	1
11	11	0	5348180	679	6469419	64178786	859171	12	11	632	24	0	1	4	1	1	516	98	1	1	1
12	12	0	5348319	705	6592929	69527105	859876	12	11	658	24	0	1	4	1	1	513	127	1	1	1
13	13	0	5348303	704	6649558	74875408	860580	12	11	657	24	0	1	4	1	1	515	124	1	1	1
14	14	0	5348303	705	6296050	80223711	861285	12	11	658	24	0	1	4	1	1	515	125	1	1	1
15	15	0	5348210	685	6117039	85571921	861970	12	11	638	24	0	1	4	1	1	516	104	1	1	1
16	16	0	5348180	676	6551459	90920101	862646	12	11	629	24	0	1	4	1	1	516	95	1	1	1
17	17	0	5348198	684	6718339	96268299	863330	12	11	637	24	0	1	4	1	1	517	102	1	1	1
18	18	0	5440278	30825	8781205	101708577	894155	13123	111	17567	24	0	1	180	12934	93	2589	14867	1	1	53
19	19	0	5440181	16443	7408897	107148758	910598	12995	11	3413	24	0	1	4	12983	1	3227	167	1	1	1
20	20	0	5439869	1919	6829768	112588627	912517	12	11	1872	24	0	1	4	1	1	1758	96	1	1	1
21	21	0	5439869	1914	7016608	118028496	914431	12	11	1867	24	0	1	4	1	1	1754	95	1	1	1
22	22	0	5439992	1948	6868059	123468488	916379	12	11	1901	24	0	1	4	1	1	1757	126	1	1	1
23	23	0	5439905	1934	6926489	128908393	918313	12	11	1887	24	0	1	4	1	1	1756	113	1	1	1
24	24	0	5439913	1941	6871118	134348306	920254	12	11	1894	24	0	1	4	1	1	1758	118	1	1	1
25	25	0	5440000	1946	7147168	139788306	922200	12	11	1899	24	0	1	4	1	1	1751	129	1	1	1
26	26	0	5440000	1950	7673467	145228306	924150	12	11	1903	24	0	1	4	1	1	1755	129	1	1	1
27	27	0	5439857	1908	7300187	150668163	926058	12	11	1861	24	0	1	4	1	1	1755	88	1	1	1
28	28	0	5440032	1952	6391949	156108195	928010	12	11	1905	24	0	1	4	1	1	1760	127	1	1	1
29	29	0	5439853	1905	5658901	161548048	929915	12	11	1858	24	0	1	4	1	1	1753	87	1	1	1
30	30	0	5439857	1909	5725530	166987905	931824	12	11	1862	24	0	1	4	1	1	1755	89	1	1	1
31	31	0	5439855	1905	5482780	172427760	933729	12	11	1858	24	0	1	4	1	1	1753	87	1	1	1
32	32	0	5440685	2021	6247890	177868445	935750	12	11	1974	24	0	1	4	1	1	1756	199	1	1	1
33	33	0	5439955	1954	5703990	183308400	937704	12	11	1907	24	0	1	4	1	1	1758	130	1	1	1
34	34	0	5439957	1950	5577211	188748357	939654	12	11	1903	24	0	1	4	1	1	1753	131	1	1	1
35	35	0	5439983	1963	5651930	194188340	941617	12	11	1916	24	0	1	4	1	1	1755	142	1	1	1
36	36	0	5439985	1963	5515621	199628325	943580	12	11	1916	24	0	1	4	1	1	1756	141	1	1	1
37	37	0	5439863	1910	5588940	205068188	945490	12	11	1863	24	0	1	4	1	1	1753	92	1	1	1
38	38	0	5439863	1911	5648720	210508051	947401	12	11	1864	24	0	1	4	1	1	1754	92	1	1	1
39	39	0	5439992	1943	5548501	215948043	949344	12	11	1896	24	0	1	4	1	1	1760	118	1	1	1
40	40	0	5439863	1911	5604090	221387906	951255	12	11	1864	24	0	1	4	1	1	1754	92	1	1	1
41	41	0	5439863	1911	5632461	226827769	953166	12	11	1864	24	0	1	4	1	1	1754	92	1	1	1
42	42	0	5439865	1909	5483560	232267634	955075	12	11	1862	24	0	1	4	1	1	1751	93	1	1	1
43	43	0	5439875	1923	5591221	237707509	956998	12	11	1876	24	0	1	4	1	1	1757	101	1	1	1
44	44	0	5439863	1909	5581590	243147372	958907	12	11	1862	24	0	1	4	1	1	1753	91	1	1	1
45	45	0	5439865	1914	5503731	248587237	960821	12	11	1867	24	0	1	4	1	1	1756	93	1	1	1
46	46	0	5439875	1918	5599400	254027112	962739	12	11	1871	24	0	1	4	1	1	1755	98	1	1	1
47	47	0	5439883	1925	5596001	259466995	964664	12	11	1878	24	0	1	4	1	1	1755	105	1	1	1
48	48	0	5440040	1959	5502020	264907035	966623	12	11	1912	24	0	1	4	1	1	1754	139	1	1	1
49	49	0	5440040	1963	5746611	270347075	968586	12	11	1916	24	0	1	4	1	1	1757	140	1	1	1
50	50	0	5439992	1941	5608130	275787067	970527	12	11	1894	24	0	1	4	1	1	1759	117	1	1	1
51	51	0	5440320	1973	5707131	281227387	972500	12	11	1926	24	0	1	4	1	1	1756	151	1	1	1
52	52	0	5440000	1950	5634540	286667387	974450	12	11	1903	24	0	1	4	1	1	1755	129	1	1	1
53	53	0	5439998	1949	5917160	292107385	976399	12	11	1902	24	0	1	4	1	1	1755	128	1	1	1
54	54	0	5439883	1926	5880160	297547268	978325	12	11	1879	24	0	1	4	1	1	1753	108	1	1	1
55	55	0	5440389	2023	5774340	302987657	980348	12	11	1976	24	0	1	4	1	1	1769	188	1	1	1
56	56	0	5440585	2018	5959720	308428242	982366	12	11	1971	24	0	1	4	1	1	1768	184	1	1	1
57	57	0	5440266	1985	5867670	313868508	984351	12	11	1938	24	0	1	4	1	1	1759	160	1	1	1
58	58	0	5364044	17154	5963210	319232552	1001505	12961	17	4152	24	0	1	11	12942	63	489	3582	1	1	4
59	59	0	5363956	14219	5958849	324596508	1015724	12965	11	1219	24	0	1	4	12953	1	1047	153	1	1	1
60	60	0	5363849	843	5760610	329960357	1016567	12	11	796	24	0	1	4	1	1	642	135	1	1	1
61	61	0	5364246	896	5374941	335324603	1017463	12	11	849	24	0	1	4	1	1	646	184	1	1	1
62	62	0	5364720	940	5647411	340689323	1018403	12	11	893	24	0	1	4	1	1	653	221	1	1	1
63	63	0	5364682	944	5858200	346054005	1019347	12	11	897	24	0	1	4	1	1	652	226	1	1	1
64	64	0	5363591	799	6599900	351417596	1020146	12	11	752	24	0	1	4	1	1	640	94	1	1	1
65	65	0	5363591	796	6587699	356781187	1020942	12	11	749	24	0	1	4	1	1	637	94	1	1	1
66	66	0	5364488	912	6404879	362145675	1021854	12	11	865	24	0	1	4	1	1	640	206	1	1	1
67	67	0	5334777	1676	6401259	367480452	1023530	19	17	1616	24	0	1	11	1	62	186	1350	1	1	4
68	68	0	5334755	13497	6567239	372815207	1037027	12965	11	497	24	0	1	4	12953	1	384	95	1	1	1
69	69	0	5334755	401	6312059	378149962	1037428	12	11	354	24	0	1	4	1	1	242	94	1	1	1
70	70	0	5334755	402	6275170	383484717	1037830	12	11	355	24	0	1	4	1	1	242	95	1	1	1
71	71	0	5334759	404	6309829	388819476	1038234	12	11	357	24	0	1	4	1	1	241	98	1	1	1
72	72	0	5334761	405	6291639	394154237	1038639	12	11	358	24	0	1	4	1	1	244	96	1	1	1
73	73	0	5335187	481	6239610	399489424	1039120	12	11	434	24	0	1	4	1	1	241	174	1	1	1
74	74	0	5335217	492	6267549	404824641	1039612	12	11	445	24	0	1	4	1	1	238	188	1	1	1
75	75	0	5337737	1702	6614248	410162378	1041314	19	17	1642	24	0	1	11	1	60	267	1297	1	1	4
76	76	0	5337465	13674	6723529	415499843	1054988	12965	11	674	24	0	1	4	12953	1	552	104	1	1	1
77	77	0	5337443	537	6584779	420837286	1055525	12	11	490	24	0	1	4	1	1	377	95	1	1	1
78	78	0	5337657	579	6617838	426174943	1056104	12	11	532	24	0	1	4	1	1	375	138	1	1	1
79	79	0	5337443	534	6673769	431512386	1056638	12	11	487	24	0	1	4	1	1	374	95	1	1	1
80	80	0	5337568	565	7151998	436849954	1057203	12	11	518	24	0	1	4	1	1	375	125	1	1	1
81	81	0	5337566	563	7074358	442187520	1057766	12	11	516	24	0	1	4	1	1	375	123	1	1	1
82	82	0	5337568	565	6511289	447525088	1058331	12	11	518	24	0	1	4	1	1	375	125	1	1	1
83	83	0	5337473	546	7547577	452862561	1058877	12	11	499	24	0	1	4	1	1	375	106	1	1	1
84	84	0	5337630	579	7406277	458200191	1059456	12	11	532	24	0	1	4	1	1	369	144	1	1	1
85	85	0	5330377	1005	7105268	463530568	1060461	19	17	945	24	0	1	11	1	57	100	771	1	1	4
86	86	0	5362943	3906	7656847	468893511	1064367	25	19	3838	24	0	1	17	1	57	370	3393	1	1	5
87	87	0	5362003	14216	7209188	474255514	1078583	12972	11	1209	24	0	1	4	12960	1	1074	117	1	1	1
88	88	0	5362251	861	7084838	479617765	1079444	12	11	814	24	0	1	4	1	1	649	146	1	1	1
89	89	0	5361995	837	6994448	484979760	1080281	12	11	790	24	0	1	4	1	1	645	127	1	1	1
90	90	0	5362251	860	7045318	490342011	1081141	12	11	813	24	0	1	4	1	1	648	146	1	1	1
91	91	0	5361902	819	7275887	495703913	1081960	12	11	772	24	0	1	4	1	1	646	108	1	1	1
92	92	0	5362305	883	7247308	501066218	1082843	12	11	836	24	0	1	4	1	1	648	169	1	1	1
93	93	0	5361854	794	6978068	506428072	1083637	12	11	747	24	0	1	4	1	1	643	86	1	1	1
94	94	0	5366392	5028	7430027	511794464	1088665	19	17	4968	24	0	1	11	1	52	405	4493	1	1	4
95	95	0	5366392	14352	7587608	517160856	1103017	12965	11	1352	24	0	1	4	12953	1	1208	126	1	1	1
96	96	0	5366334	845	6633989	522527190	1103862	12	11	798	24	0	1	4	1	1	678	102	1	1	1
97	97	0	5366312	838	7011908	527893502	1104700	12	11	791	24	0	1	4	1	1	682	91	1	1	1
98	98	0	5366410	864	6815299	533259912	1105564	12	11	817	24	0	1	4	1	1	681	118	1	1	1
99	99	0	5366408	863	6988279	538626320	1106427	12	11	816	24	0	1	4	1	1	681	117	1	1	1
100	100	0	5366410	859	7179998	543992730	1107286	12	11	812	24	0	1	4	1	1	678	116	1	1	1
101	101	0	5366629	890	6966668	549359359	1108176	12	11	843	24	0	1	4	1	1	680	144	1	1	1
102	102	0	5366754	906	7274578	554726113	1109082	12	11	859	24	0	1	4	1	1	675	165	1	1	1
103	103	0	5366354	856	7261148	560092467	1109938	12	11	809	24	0	1	4	1	1	679	112	1	1	1
104	104	0	5366324	846	7428137	565458791	1110784	12	11	799	24	0	1	4	1	1	683	98	1	1	1
105	105	0	6750353	235636	28059672	572209144	1346420	17687	4234	213691	24	0	1	4734	12944	1116	45689	166865	1	1	2473
106	106	0	6750329	19357	10062083	578959473	1365777	18113	11	1209	24	0	1	5	18099	1	1092	99	1	1	1
107	107	0	6750476	849	10363602	585709949	1366626	13	11	801	24	0	1	5	1	1	656	127	1	1	1
108	108	0	6750329	811	9603314	592460278	1367437	13	11	763	24	0	1	5	1	1	646	99	1	1	1
109	109	0	6751642	998	9611284	599211920	1368435	13	11	950	24	0	1	5	1	1	669	262	1	1	1
110	110	0	6751701	1006	9640173	605963621	1369441	13	11	958	24	0	1	5	1	1	671	268	1	1	1
111	111	0	6750834	874	9162325	612714455	1370315	13	11	826	24	0	1	5	1	1	645	162	1	1	1
112	112	0	6751239	927	9285754	619465694	1371242	13	11	879	24	0	1	5	1	1	652	208	1	1	1
113	113	0	5372661	20514	8823515	624838355	1391756	13044	59	7387	24	0	1	82	12954	55	2644	4630	30	12	25
114	114	0	5373322	13880	7362157	630211677	1405636	13011	11	834	24	0	1	5	12998	1	621	194	1	1	1
115	115	0	5372899	582	7334578	635584576	1406218	13	11	534	24	0	1	5	1	1	384	131	1	1	1
116	116	0	5372776	578	6687008	640957352	1406796	13	11	530	24	0	1	5	1	1	389	123	1	1	1
117	117	0	5372637	545	7315008	646329989	1407341	13	11	497	24	0	1	5	1	1	384	95	1	1	1
118	118	0	5372830	597	7462617	651702819	1407938	13	11	549	24	0	1	5	1	1	385	145	1	1	1
119	119	0	5372665	557	6739988	657075484	1408495	13	11	509	24	0	1	5	1	1	385	106	1	1	1
120	120	0	5372947	602	7190057	662448431	1409097	13	11	554	24	0	1	5	1	1	388	147	1	1	1
121	121	0	5372738	557	6749729	667821169	1409654	13	11	509	24	0	1	5	1	1	383	108	1	1	1
122	122	0	5331293	1033	6635098	673152462	1410687	23	17	969	24	0	1	15	1	50	105	797	1	1	4
123	123	0	5331295	13398	7192468	678483757	1424085	12967	11	396	24	0	1	5	12954	1	280	98	1	1	1
124	124	0	5331295	335	6629209	683815052	1424420	13	11	287	24	0	1	5	1	1	171	98	1	1	1
125	125	0	5331295	335	6622928	689146347	1424755	13	11	287	24	0	1	5	1	1	171	98	1	1	1
126	126	0	5335656	1535	7196058	694482003	1426290	23	17	1471	24	0	1	15	1	63	140	1250	1	1	4
127	127	0	5335690	13441	7319108	699817693	1439731	12967	11	439	24	0	1	5	12954	1	317	104	1	1	1
128	128	0	5375199	6084	7266168	705192892	1445815	27	20	6010	27	0	1	18	1	53	571	5367	1	1	5
129	129	0	5375199	13429	7459498	710568091	1459244	12971	12	419	27	0	1	5	12957	1	280	120	1	1	1
130	130	0	5375179	376	7224817	715943270	1459620	14	12	323	27	0	1	5	1	1	185	119	1	1	1
131	131	0	5375159	370	7008578	721318429	1459990	14	12	317	27	0	1	5	1	1	186	112	1	1	1
132	132	0	5375227	381	7287668	726693656	1460371	14	12	328	27	0	1	5	1	1	185	124	1	1	1
133	133	0	5375199	372	6594908	732068855	1460743	14	12	319	27	0	1	5	1	1	180	120	1	1	1
134	134	0	5375340	392	6660608	737444195	1461135	14	12	339	27	0	1	5	1	1	182	137	1	1	1
135	135	0	5375233	389	6673909	742819428	1461524	14	12	336	27	0	1	5	1	1	184	132	1	1	1
136	136	0	5375481	419	6274779	748194909	1461943	14	12	366	27	0	1	5	1	1	192	154	1	1	1
137	137	0	5375219	384	7030218	753570128	1462327	14	12	331	27	0	1	5	1	1	188	124	1	1	1
138	138	0	5375215	384	6677529	758945343	1462711	14	12	331	27	0	1	5	1	1	188	124	1	1	1
139	139	0	5375171	377	6267960	764320514	1463088	14	12	324	27	0	1	5	1	1	190	115	1	1	1
140	140	0	5375171	380	7154308	769695685	1463468	14	12	327	27	0	1	5	1	1	191	117	1	1	1
141	141	0	5375163	376	7167247	775070848	1463844	14	12	323	27	0	1	5	1	1	188	116	1	1	1
142	142	0	5375191	375	6591759	780446039	1464219	14	12	322	27	0	1	5	1	1	185	118	1	1	1
143	143	0	6731365	6043	9396784	787177404	1470262	4295	38	1683	27	0	1	56	4230	80	272	1312	1	1	14
144	144	0	6731252	18843	10770982	793908656	1489105	18085	12	719	27	0	1	5	18070	1	522	177	1	1	1
145	145	0	6731276	568	13302997	800639932	1489673	14	12	515	27	0	1	5	1	1	314	181	1	1	1
146	146	0	6731276	568	9460724	807371208	1490241	14	12	515	27	0	1	5	1	1	313	182	1	1	1
147	147	0	6731151	552	9907453	814102359	1490793	14	12	499	27	0	1	5	1	1	312	167	1	1	1
148	148	0	6731151	549	10179922	820833510	1491342	14	12	496	27	0	1	5	1	1	310	166	1	1	1
149	149	0	5340733	2700	7811457	826174243	1494042	33	24	2616	27	0	1	24	1	87	385	2125	1	1	7
150	150	0	5340552	13600	5697670	831514795	1507642	12977	12	584	27	0	1	6	12962	1	420	144	1	1	1
151	151	0	5340558	487	6802099	836855353	1508129	15	12	433	27	0	1	6	1	1	268	145	1	1	1
152	152	0	5340638	494	6941838	842195991	1508623	15	12	440	27	0	1	6	1	1	265	155	1	1	1
153	153	0	5340644	494	6583329	847536635	1509117	15	12	440	27	0	1	6	1	1	265	155	1	1	1
154	154	0	5340359	454	7332417	852876994	1509571	15	12	400	27	0	1	6	1	1	254	127	1	1	1
155	155	0	5288972	25453	8695585	858165966	1535024	12650	84	12692	27	0	1	144	12496	56	12085	532	1	1	37
156	156	0	5336503	14132	7733837	863502469	1549156	12976	18	1111	27	0	1	16	12951	58	134	900	1	1	4
157	157	0	5347735	2019	6665979	868850204	1551175	24	18	1950	27	0	1	15	1	54	169	1708	1	1	4
158	158	0	5347691	13565	7079788	874197895	1564740	12969	12	557	27	0	1	6	12954	1	406	131	1	1	1
159	159	0	5347735	444	7117288	879545630	1565184	15	12	390	27	0	1	6	1	1	230	140	1	1	1
160	160	0	5347544	409	5439091	884893174	1565593	15	12	355	27	0	1	6	1	1	233	103	1	1	1
161	161	0	5347546	403	6110970	890240720	1565996	15	12	349	27	0	1	6	1	1	229	101	1	1	1
162	162	0	5335284	1961	6833108	895576004	1567957	29	20	1885	27	0	1	20	1	58	226	1582	1	1	5
163	163	0	5335298	13612	6851808	900911302	1581569	12974	12	599	27	0	1	6	12959	1	473	107	1	1	1
164	164	0	5335300	495	6302149	906246602	1582064	15	12	441	27	0	1	6	1	1	314	108	1	1	1
165	165	0	5335300	498	5206352	911581902	1582562	15	12	444	27	0	1	6	1	1	317	108	1	1	1
166	166	0	5335300	492	5954970	916917202	1583054	15	12	438	27	0	1	6	1	1	311	108	1	1	1
167	167	0	5335300	492	5658640	922252502	1583546	15	12	438	27	0	1	6	1	1	311	108	1	1	1
168	168	0	5335332	503	6556869	927587834	1584049	15	12	449	27	0	1	6	1	1	310	120	1	1	1
169	169	0	5335344	505	6440249	932923178	1584554	15	12	451	27	0	1	6	1	1	310	122	1	1	1
170	170	0	5335330	507	6567459	938258508	1585061	15	12	453	27	0	1	6	1	1	316	118	1	1	1
171	171	0	5335302	486	9295955	943593810	1585547	15	12	432	27	0	1	6	1	1	309	104	1	1	1
172	172	0	5340542	1998	6946598	948934352	1587545	24	18	1929	27	0	1	15	1	55	229	1626	1	1	4
173	173	0	5340325	13668	9803743	954274677	1601213	12969	12	660	27	0	1	6	12954	1	475	165	1	1	1
174	174	0	5339919	519	6817988	959614596	1601732	15	12	465	27	0	1	6	1	1	309	136	1	1	1
175	175	0	5339863	500	9381904	964954459	1602232	15	12	446	27	0	1	6	1	1	304	123	1	1	1
176	176	0	5368735	25647	8836515	970323194	1627879	13077	48	12495	27	0	1	90	12978	63	6804	5609	1	1	19
177	177	0	5368410	14625	10217093	975691604	1642504	13004	12	1582	27	0	1	6	12989	1	1429	133	1	1	1
178	178	0	5368237	993	7303067	981059841	1643497	15	12	939	27	0	1	6	1	1	818	102	1	1	1
179	179	0	5368281	1010	5904550	986428122	1644507	15	12	956	27	0	1	6	1	1	818	119	1	1	1
180	180	0	5368237	992	6542049	991796359	1645499	15	12	938	27	0	1	6	1	1	818	101	1	1	1
181	181	0	5368279	1010	7387287	997164638	1646509	15	12	956	27	0	1	6	1	1	819	118	1	1	1
182	182	0	5368501	1053	6970168	1002533139	1647562	15	12	999	27	0	1	6	1	1	817	162	1	1	1
183	183	0	5368360	1022	7271377	1007901499	1648584	15	12	968	27	0	1	6	1	1	819	129	1	1	1
184	184	0	5368428	1042	5967510	1013269927	1649626	15	12	988	27	0	1	6	1	1	817	151	1	1	1
185	185	0	5368632	1064	7167088	1018638559	1650690	15	12	1010	27	0	1	6	1	1	819	171	1	1	1
186	186	0	5334182	13790	6959188	1023972741	1664480	13004	18	741	27	0	1	16	12979	59	104	560	1	1	4
187	187	0	5334182	13305	7262247	1029306923	1677785	13004	12	262	27	0	1	6	12989	1	135	108	1	1	1
188	188	0	5334562	1545	6716769	1034641485	1679330	27	20	1471	27	0	1	18	1	55	172	1225	1	1	5
189	189	0	5336318	13730	7738037	1039977803	1693060	7721	52	5930	27	0	1	101	7611	57	3821	2033	1	1	21
190	190	0	5329980	804	6472709	1045307783	1693864	24	18	735	27	0	1	15	1	60	76	581	1	1	4
191	191	0	5330313	14968	7872006	1050638096	1708832	13171	109	1661	27	0	1	242	12919	63	918	661	1	1	50
192	192	0	6724744	5353	8407256	1057362840	1714185	4273	20	1033	27	0	1	20	4244	57	94	864	1	1	5
193	193	0	7122185	105713	18783008	1064485025	1819898	5963	3252	96471	27	0	1	3854	2099	1125	48806	46518	1	1	1948
194	194	0	7122167	21032	9200694	1071607192	1840930	20310	12	683	27	0	1	6	20294	1	552	111	1	1	1
195	195	0	5423036	23385	7696577	1077030228	1864315	12481	20	10857	27	0	1	24	12448	59	668	10110	1	1	5
196	196	0	5337694	1743	6151839	1082367922	1866058	24	18	1674	27	0	1	15	1	60	181	1413	1	1	4
197	197	0	5337674	13553	6840909	1087705596	1879611	12969	12	545	27	0	1	6	12954	1	395	129	1	1	1
198	198	0	5337732	477	6756428	1093043328	1880088	15	12	423	27	0	1	6	1	1	258	144	1	1	1
199	199	0	5337732	475	6533199	1098381060	1880563	15	12	421	27	0	1	6	1	1	257	143	1	1	1
200	200	0	5337718	472	6867588	1103718778	1881035	15	12	418	27	0	1	6	1	1	259	138	1	1	1
201	201	0	5337529	445	6689679	1109056307	1881480	15	12	391	27	0	1	6	1	1	255	116	1	1	1
202	202	0	5337702	464	6639518	1114394009	1881944	15	12	410	27	0	1	6	1	1	255	134	1	1	1
203	203	0	5337557	456	6850148	1119731566	1882400	15	12	402	27	0	1	6	1	1	255	127	1	1	1
204	204	0	5337477	423	6240579	1125069043	1882823	15	12	369	27	0	1	6	1	1	252	97	1	1	1
205	205	0	5336809	1903	6710119	1130405852	1884726	29	20	1827	27	0	1	20	1	54	210	1543	1	1	5
206	206	0	5336785	13581	6887988	1135742637	1898307	12974	12	568	27	0	1	6	12959	1	450	98	1	1	1
207	207	0	5336785	491	9077564	1141079422	1898798	15	12	437	27	0	1	6	1	1	319	98	1	1	1
208	208	0	5336938	519	9191205	1146416360	1899317	15	12	465	27	0	1	6	1	1	319	126	1	1	1
209	209	0	5337150	541	5214101	1151753510	1899858	15	12	487	27	0	1	6	1	1	318	148	1	1	1
210	210	0	5336795	493	5702790	1157090305	1900351	15	12	439	27	0	1	6	1	1	320	99	1	1	1
211	211	0	5336940	515	6612189	1162427245	1900866	15	12	461	27	0	1	6	1	1	314	127	1	1	1
212	212	0	5336787	488	5486360	1167764032	1901354	15	12	434	27	0	1	6	1	1	315	99	1	1	1
213	213	0	5330570	13760	6959699	1173094602	1915114	13000	20	713	27	0	1	21	12970	49	98	547	1	1	5
214	214	0	5330438	769	6735459	1178425040	1915883	24	18	700	27	0	1	15	1	60	64	557	1	1	4
215	215	0	5343248	16775	10394052	1183768288	1932658	12978	24	3746	27	0	1	27	12942	62	1654	2010	1	1	7
216	216	0	5343385	13741	7136088	1189111673	1946399	12969	12	733	27	0	1	6	12954	1	578	134	1	1	1
217	217	0	5343934	681	10352612	1194455607	1947080	15	12	627	27	0	1	6	1	1	424	182	1	1	1
218	218	0	5343145	610	7257578	1199798752	1947690	15	12	556	27	0	1	6	1	1	426	110	1	1	1
219	219	0	5343123	606	10439342	1205141875	1948296	15	12	552	27	0	1	6	1	1	431	101	1	1	1
220	220	0	5343123	603	7790577	1210484998	1948899	15	12	549	27	0	1	6	1	1	430	99	1	1	1
221	221	0	5343252	633	9901643	1215828250	1949532	15	12	579	27	0	1	6	1	1	429	129	1	1	1
222	222	0	5343262	632	10054313	1221171512	1950164	15	12	578	27	0	1	6	1	1	424	133	1	1	1
223	223	0	5343246	633	10160112	1226514758	1950797	15	12	579	27	0	1	6	1	1	428	130	1	1	1
224	224	0	5343246	631	9503354	1231858004	1951428	15	12	577	27	0	1	6	1	1	427	129	1	1	1
225	225	0	5343262	633	7056048	1237201266	1952061	15	12	579	27	0	1	6	1	1	425	133	1	1	1
226	226	0	5343246	633	7177528	1242544512	1952694	15	12	579	27	0	1	6	1	1	428	130	1	1	1
227	227	0	5342494	2305	6328379	1247887006	1954999	29	20	2229	27	0	1	20	1	56	181	1972	1	1	5
228	228	0	5356356	3611	7121138	1253243362	1958610	35	22	3527	27	0	1	26	1	49	337	3121	1	1	6
229	229	0	5356571	14073	6988638	1258599933	1972683	12978	12	1056	27	0	1	6	12963	1	852	183	1	1	1
230	230	0	5356362	793	6235149	1263956295	1973476	15	12	739	27	0	1	6	1	1	561	157	1	1	1
231	231	0	5356676	855	7184498	1269312971	1974331	15	12	801	27	0	1	6	1	1	564	216	1	1	1
232	232	0	5356557	824	5600991	1274669528	1975155	15	12	770	27	0	1	6	1	1	566	183	1	1	1
233	233	0	5356583	855	6358029	1280026111	1976010	15	12	801	27	0	1	6	1	1	565	215	1	1	1
234	234	0	5356027	756	6405289	1285382138	1976766	15	12	702	27	0	1	6	1	1	560	122	1	1	1
235	235	0	5356106	758	6087950	1290738244	1977524	15	12	704	27	0	1	6	1	1	558	126	1	1	1
236	236	0	5355949	720	6735889	1296094193	1978244	15	12	666	27	0	1	6	1	1	559	87	1	1	1
237	237	0	5343133	2708	5287491	1301437326	1980952	24	18	2639	27	0	1	15	1	60	258	2301	1	1	4
238	238	0	5343147	13867	5953620	1306780473	1994819	12969	12	859	27	0	1	6	12954	1	729	110	1	1	1
239	239	0	5343278	676	9159725	1312123751	1995495	15	12	622	27	0	1	6	1	1	481	121	1	1	1
240	240	0	5343278	675	6553129	1317467029	1996170	15	12	621	27	0	1	6	1	1	481	120	1	1	1
241	241	0	5343459	710	9203834	1322810488	1996880	15	12	656	27	0	1	6	1	1	483	152	1	1	1
242	242	0	5343524	731	9349334	1328154012	1997611	15	12	677	27	0	1	6	1	1	497	159	1	1	1
243	243	0	5343131	658	9378364	1333497143	1998269	15	12	604	27	0	1	6	1	1	483	101	1	1	1
244	244	0	5343374	714	7753797	1338840517	1998983	15	12	660	27	0	1	6	1	1	489	150	1	1	1
245	245	0	5343517	734	5379071	1344184034	1999717	15	12	680	27	0	1	6	1	1	484	175	1	1	1
246	246	0	5343153	665	9475294	1349527187	2000382	15	12	611	27	0	1	6	1	1	480	111	1	1	1
247	247	0	5343129	657	9172785	1354870316	2001039	15	12	603	27	0	1	6	1	1	482	101	1	1	1
248	248	0	5343135	659	9058914	1360213451	2001698	15	12	605	27	0	1	6	1	1	482	103	1	1	1
249	249	0	5343133	657	8954995	1365556584	2002355	15	12	603	27	0	1	6	1	1	481	102	1	1	1
250	250	0	5334736	1335	6886108	1370891320	2003690	24	18	1266	27	0	1	15	1	63	129	1054	1	1	4
251	251	0	5334714	13603	9256704	1376226034	2017293	12969	12	595	27	0	1	6	12954	1	446	128	1	1	1
252	252	0	5334712	519	6132630	1381560746	2017812	15	12	465	27	0	1	6	1	1	315	129	1	1	1
253	253	0	5334712	513	9590733	1386895458	2018325	15	12	459	27	0	1	6	1	1	316	123	1	1	1
254	254	0	5334881	533	7138838	1392230339	2018858	15	12	479	27	0	1	6	1	1	317	141	1	1	1
255	255	0	5334730	521	6619979	1397565069	2019379	15	12	467	27	0	1	6	1	1	316	130	1	1	1
256	256	0	5334714	513	9485094	1402899783	2019892	15	12	459	27	0	1	6	1	1	316	123	1	1	1
257	257	0	5334730	518	6110459	1408234513	2020410	15	12	464	27	0	1	6	1	1	312	131	1	1	1
258	258	0	5347697	2801	6577269	1413582210	2023211	24	18	2732	27	0	1	15	1	56	262	2349	30	17	4
259	259	0	5347609	13900	7501147	1418929819	2037111	12969	12	892	27	0	1	6	12954	1	718	153	1	1	1
260	260	0	5348003	737	6639089	1424277822	2037848	15	12	683	27	0	1	6	1	1	473	189	1	1	1
261	261	0	5347987	742	9524713	1429625809	2038590	15	12	688	27	0	1	6	1	1	481	186	1	1	1
262	262	0	5348073	752	7417088	1434973882	2039342	15	12	698	27	0	1	6	1	1	472	205	1	1	1
263	263	0	5347569	698	9682913	1440321451	2040040	15	12	644	27	0	1	6	1	1	473	150	1	1	1
264	264	0	5370181	4593	10235593	1445691632	2044633	649	28	3889	27	0	1	51	589	59	480	3330	1	1	9
265	265	0	5369767	14193	6285659	1451061399	2058826	12983	12	1171	27	0	1	6	12968	1	995	155	1	1	1
266	266	0	5370161	848	6348859	1456431560	2059674	15	12	794	27	0	1	6	1	1	611	162	1	1	1
267	267	0	5370169	850	7385248	1461801729	2060524	15	12	796	27	0	1	6	1	1	611	164	1	1	1
268	268	0	5369372	782	9605273	1467171101	2061306	15	12	728	27	0	1	6	1	1	612	96	1	1	1
269	269	0	5342129	2636	7779327	1472513230	2063942	177	150	2282	27	0	1	167	1	98	608	1556	1	1	73
270	270	0	5363485	3575	5503661	1477876715	2067517	29	20	3499	27	0	1	20	1	51	317	3111	1	1	5
271	271	0	7118477	21668	9113695	1484995192	2089185	20435	60	1146	27	0	1	151	20273	53	368	705	1	1	25
272	272	0	7118598	20653	9946413	1492113790	2109838	20323	12	291	27	0	1	6	20307	1	175	96	1	1	1
273	273	0	5330113	830	6723728	1497443903	2110668	24	18	761	27	0	1	15	1	59	100	583	1	1	4
274	274	0	5330091	13260	7286488	1502773994	2123928	12969	12	252	27	0	1	6	12954	1	136	96	1	1	1
275	275	0	5330101	286	6823738	1508104095	2124214	15	12	232	27	0	1	6	1	1	111	102	1	1	1
276	276	0	5330101	289	6298180	1513434196	2124503	15	12	235	27	0	1	6	1	1	111	105	1	1	1
277	277	0	5330105	281	5237842	1518764301	2124784	15	12	227	27	0	1	6	1	1	107	101	1	1	1
278	278	0	5373714	17279	6813758	1524138015	2142063	12971	20	4261	27	0	1	19	12943	58	327	3856	1	1	5
279	279	0	5373714	13242	6179349	1529511729	2155305	12972	12	231	27	0	1	6	12957	1	83	128	1	1	1
280	280	0	5169595	23915	8073196	1534681324	2179220	12797	309	10782	27	0	1	412	12375	1	8708	2053	1	1	168
281	281	0	5169595	13174	6856018	1539850919	2192394	12937	12	198	27	0	1	6	12922	1	84	95	1	1	1
282	282	0	5169679	282	5782600	1545020598	2192676	15	12	228	27	0	1	6	1	1	83	126	1	1	1
283	283	0	5373624	156	6405229	1550394222	2192832	15	12	102	27	0	1	6	1	1	82	1	1	1	1
284	284	0	5373624	159	6199419	1555767846	2192991	15	12	105	27	0	1	6	1	1	85	1	1	1	1
285	285	0	5373708	161	6119950	1561141554	2193152	15	12	107	27	0	1	6	1	1	87	1	1	1	1
286	286	0	5373637	13179	7099837	1566515191	2206331	12982	14	156	27	0	1	11	12962	1	84	53	1	1	2
287	287	0	5169685	160	5152562	1571684876	2206491	15	12	106	27	0	1	6	1	1	86	1	1	1	1
288	288	0	5169685	158	5624860	1576854561	2206649	15	12	104	27	0	1	6	1	1	84	1	1	1	1
289	289	0	5334856	14977	7893157	1582189417	2221626	13008	46	1896	27	0	1	62	12937	68	694	1114	1	1	18
290	290	0	5334858	13390	7197207	1587524275	2235016	12986	12	365	27	0	1	6	12971	1	240	105	1	1	1
291	291	0	5334886	369	6974218	1592859161	2235385	15	12	315	27	0	1	6	1	1	179	116	1	1	1
292	292	0	6735697	16806	9230845	1599594858	2252191	11476	36	5267	27	0	1	62	11405	55	2404	2788	1	1	13
293	293	0	6735649	18990	9519544	1606330507	2271181	18127	12	824	27	0	1	6	18111	1	700	104	1	1	1
294	294	0	6735627	643	9869332	1613066134	2271824	15	12	589	27	0	1	6	1	1	472	97	1	1	1
295	295	0	6735653	651	6938179	1619801787	2272475	15	12	597	27	0	1	6	1	1	471	106	1	1	1
296	296	0	6735643	642	7896436	1626537430	2273117	15	12	588	27	0	1	6	1	1	469	99	1	1	1
297	297	0	6735619	631	8582955	1633273049	2273748	15	12	577	27	0	1	6	1	1	467	90	1	1	1
298	298	0	6735665	652	7938376	1640008714	2274400	15	12	598	27	0	1	6	1	1	468	110	1	1	1
299	299	0	6735623	635	8566755	1646744337	2275035	15	12	581	27	0	1	6	1	1	469	92	1	1	1
300	300	0	6735695	663	8775315	1653480032	2275698	15	12	609	27	0	1	6	1	1	468	121	1	1	1
301	301	0	6735695	660	8743185	1660215727	2276358	15	12	606	27	0	1	6	1	1	468	118	1	1	1
302	302	0	5354576	4500	9405644	1665570303	2280858	24	18	4431	27	0	1	15	1	54	471	3886	1	1	4
303	303	0	5354703	14299	6895178	1670925006	2295157	12969	12	1291	27	0	1	6	12954	1	1155	116	1	1	1
304	304	0	5354582	931	7007668	1676279588	2296088	15	12	877	27	0	1	6	1	1	756	101	1	1	1
305	305	0	5354574	935	6660108	1681634162	2297023	15	12	881	27	0	1	6	1	1	762	99	1	1	1
306	306	0	5354696	963	6660399	1686988858	2297986	15	12	909	27	0	1	6	1	1	762	127	1	1	1
307	307	0	5354881	995	5578760	1692343739	2298981	15	12	941	27	0	1	6	1	1	761	159	1	1	1
308	308	0	5354636	958	6023580	1697698375	2299939	15	12	904	27	0	1	6	1	1	761	123	1	1	1
309	309	0	5354574	932	8826435	1703052949	2300871	15	12	878	27	0	1	6	1	1	761	97	1	1	1
310	310	0	5354760	965	6701938	1708407709	2301836	15	12	911	27	0	1	6	1	1	762	128	1	1	1
311	311	0	5354636	957	10105943	1713762345	2302793	15	12	903	27	0	1	6	1	1	759	124	1	1	1
312	312	0	5354987	980	6555429	1719117332	2303773	15	12	926	27	0	1	6	1	1	757	148	1	1	1
313	313	0	5355065	1023	9957023	1724472397	2304796	15	12	969	27	0	1	6	1	1	764	184	1	1	1
314	314	0	5361863	4879	6638308	1729834260	2309675	27	20	4805	27	0	1	18	1	53	447	4285	1	1	5
315	315	0	5495824	20237	11890970	1735330084	2329912	88	58	20064	27	0	1	79	1	76	1950	18017	1	1	24
316	316	0	5495846	14605	7225698	1740825930	2344517	13020	12	1546	27	0	1	6	13005	1	1415	111	1	1	1
317	317	0	5495848	1074	7818766	1746321778	2345591	15	12	1020	27	0	1	6	1	1	890	110	1	1	1
318	318	0	5495816	1062	7143008	1751817594	2346653	15	12	1008	27	0	1	6	1	1	889	99	1	1	1
319	319	0	5496095	1108	9933843	1757313689	2347761	15	12	1054	27	0	1	6	1	1	891	142	1	1	1
320	320	0	5495824	1065	7282108	1762809513	2348826	15	12	1011	27	0	1	6	1	1	890	101	1	1	1
321	321	0	5495818	1061	9743803	1768305331	2349887	15	12	1007	27	0	1	6	1	1	889	98	1	1	1
322	322	0	5495820	1063	7150728	1773801151	2350950	15	12	1009	27	0	1	6	1	1	891	98	1	1	1
323	323	0	5495820	1067	7046078	1779296971	2352017	15	12	1013	27	0	1	6	1	1	892	101	1	1	1
324	324	0	5495822	1070	10156132	1784792793	2353087	15	12	1016	27	0	1	6	1	1	891	105	1	1	1
325	325	0	5495822	1066	6869349	1790288615	2354153	15	12	1012	27	0	1	6	1	1	890	102	1	1	1
326	326	0	5495824	1070	6492218	1795784439	2355223	15	12	1016	27	0	1	6	1	1	890	106	1	1	1
327	327	0	5495822	1067	7753826	1801280261	2356290	15	12	1013	27	0	1	6	1	1	891	102	1	1	1
328	328	0	5495824	1069	6590199	1806776085	2357359	15	12	1015	27	0	1	6	1	1	889	106	1	1	1
329	329	0	5495822	1065	6795759	1812271907	2358424	15	12	1011	27	0	1	6	1	1	889	102	1	1	1
330	330	0	5333446	1705	6505919	1817605353	2360129	24	18	1636	27	0	1	15	1	61	219	1336	1	1	4
331	331	0	5345483	9828	6100800	1822950836	2369957	7277	18	2506	27	0	1	17	7251	65	250	2171	1	1	4
332	332	0	5345461	13764	6589989	1828296297	2383721	12976	12	749	27	0	1	6	12961	1	626	103	1	1	1
333	333	0	5345505	614	6715338	1833641802	2384335	15	12	560	27	0	1	6	1	1	420	120	1	1	1
334	334	0	5345562	615	6095170	1838987364	2384950	15	12	561	27	0	1	6	1	1	420	121	1	1	1
335	335	0	5345592	628	5716280	1844332956	2385578	15	12	574	27	0	1	6	1	1	417	136	1	1	1
336	336	0	5345652	645	5795810	1849678608	2386223	15	12	591	27	0	1	6	1	1	417	153	1	1	1
337	337	0	5345586	623	6506389	1855024194	2386846	15	12	569	27	0	1	6	1	1	415	133	1	1	1
338	338	0	5330117	856	5083791	1860354311	2387702	27	20	782	27	0	1	18	1	70	99	594	1	1	5
339	339	0	5330084	13590	6296339	1865684395	2401292	12977	14	572	27	0	1	11	12957	1	274	277	1	1	2
340	340	0	5330163	13467	6781849	1871014558	2414759	12977	14	449	27	0	1	11	12957	1	117	312	1	1	2
341	341	0	5371889	6501	6956738	1876386447	2421260	27	20	6427	27	0	1	18	1	60	576	5771	1	1	5
342	342	0	5371877	14567	5570240	1881758324	2435827	12972	12	1556	27	0	1	6	12957	1	1435	101	1	1	1
343	343	0	5372356	1125	5748100	1887130680	2436952	15	12	1071	27	0	1	6	1	1	900	150	1	1	1
344	344	0	5372250	1134	6527958	1892502930	2438086	15	12	1080	27	0	1	6	1	1	905	154	1	1	1
345	345	0	5372129	1135	5421301	1897875059	2439221	15	12	1081	27	0	1	6	1	1	904	156	1	1	1
346	346	0	5372012	1109	6462769	1903247071	2440330	15	12	1055	27	0	1	6	1	1	902	132	1	1	1
347	347	0	5372012	1109	6598009	1908619083	2441439	15	12	1055	27	0	1	6	1	1	902	132	1	1	1
348	348	0	5372206	1131	6388119	1913991289	2442570	15	12	1077	27	0	1	6	1	1	902	154	1	1	1
349	349	0	5371867	1073	4886381	1919363156	2443643	15	12	1019	27	0	1	6	1	1	904	95	1	1	1
350	350	0	5372161	1114	5669291	1924735317	2444757	15	12	1060	27	0	1	6	1	1	904	135	1	1	1
351	351	0	5371879	1080	6679958	1930107196	2445837	15	12	1026	27	0	1	6	1	1	905	101	1	1	1
352	352	0	5371887	1079	5408491	1935479083	2446916	15	12	1025	27	0	1	6	1	1	904	101	1	1	1
353	353	0	5372502	6872	7189638	1940851585	2453788	53	36	6756	27	0	1	44	1	84	718	5934	1	1	13
354	354	0	5372478	14182	6900438	1946224063	2467970	12993	12	1150	27	0	1	9	12975	1	982	147	1	1	1
355	355	0	5372462	843	5995110	1951596525	2468813	18	12	786	27	0	1	9	1	1	624	141	1	1	1
356	356	0	5372521	858	5081931	1956969046	2469671	18	12	801	27	0	1	9	1	1	630	150	1	1	1
357	357	0	5372631	850	5819420	1962341677	2470521	18	12	793	27	0	1	9	1	1	629	143	1	1	1
358	358	0	5372406	826	5767970	1967714083	2471347	18	12	769	27	0	1	9	1	1	625	124	1	1	1
359	359	0	5372422	828	7017918	1973086505	2472175	18	12	771	27	0	1	9	1	1	624	127	1	1	1
360	360	0	5372470	845	9010235	1978458975	2473020	18	12	788	27	0	1	9	1	1	624	143	1	1	1
361	361	0	5373099	933	5067121	1983832074	2473953	18	12	876	27	0	1	9	1	1	623	232	1	1	1
362	362	0	5372422	832	5821630	1989204496	2474785	18	12	775	27	0	1	9	1	1	628	127	1	1	1
363	363	0	5372472	847	5261411	1994576968	2475632	18	12	790	27	0	1	9	1	1	624	145	1	1	1
364	364	0	5372500	857	9274954	1999949468	2476489	18	12	800	27	0	1	9	1	1	623	156	1	1	1
365	365	0	5346757	2051	9684504	2005296225	2478540	27	20	1977	27	0	1	18	1	59	166	1732	1	1	5
366	366	0	5346759	13553	8117046	2010642984	2492093	12972	12	542	27	0	1	6	12957	1	405	117	1	1	1
367	367	0	5346795	473	6626629	2015989779	2492566	15	12	419	27	0	1	6	1	1	272	127	1	1	1
368	368	0	5346797	469	10000413	2021336576	2493035	15	12	415	27	0	1	6	1	1	266	128	1	1	1
369	369	0	5346737	448	6662849	2026683313	2493483	15	12	394	27	0	1	6	1	1	266	108	1	1	1
370	370	0	5346807	470	8909745	2032030120	2493953	15	12	416	27	0	1	6	1	1	266	129	1	1	1
371	371	0	5372581	11117	7676987	2037402701	2505070	7277	20	3793	27	0	1	20	7248	66	329	3378	1	1	5
372	372	0	5372581	13856	7660237	2042775282	2518926	12976	12	841	27	0	1	6	12961	1	715	106	1	1	1
373	373	0	5372583	625	7325807	2048147865	2519551	15	12	571	27	0	1	6	1	1	443	108	1	1	1
374	374	0	5372583	624	7816977	2053520448	2520175	15	12	570	27	0	1	6	1	1	443	107	1	1	1
375	375	0	5340808	2008	6726568	2058861256	2522183	24	18	1939	27	0	1	15	1	66	296	1557	1	1	4
376	376	0	5340808	13738	6059280	2064202064	2535921	12969	12	730	27	0	1	6	12954	1	598	112	1	1	1
377	377	0	5340786	621	4714132	2069542850	2536542	15	12	567	27	0	1	6	1	1	443	104	1	1	1
378	378	0	5340796	625	5966580	2074883646	2537167	15	12	571	27	0	1	6	1	1	444	107	1	1	1
379	379	0	5340796	627	5786720	2080224442	2537794	15	12	573	27	0	1	6	1	1	446	107	1	1	1
380	380	0	5340794	626	6179179	2085565236	2538420	15	12	572	27	0	1	6	1	1	446	106	1	1	1
381	381	0	5340860	648	6182920	2090906096	2539068	15	12	594	27	0	1	6	1	1	445	128	1	1	1
382	382	0	5340790	620	6356149	2096246886	2539688	15	12	566	27	0	1	6	1	1	441	105	1	1	1
383	383	0	5340806	625	6652928	2101587692	2540313	15	12	571	27	0	1	6	1	1	440	111	1	1	1
384	384	0	5383337	16371	7446918	2106971029	2556684	12994	22	3328	27	0	1	24	12961	60	345	2903	1	1	6
385	385	0	5383313	14159	6794948	2112354342	2570843	12992	12	1128	27	0	1	6	12977	1	1011	97	1	1	1
386	386	0	5383313	844	6362439	2117737655	2571687	15	12	790	27	0	1	6	1	1	673	97	1	1	1
387	387	0	5383313	835	6114609	2123120968	2572522	15	12	781	27	0	1	6	1	1	664	97	1	1	1
388	388	0	5383331	838	5244191	2128504299	2573360	15	12	784	27	0	1	6	1	1	659	105	1	1	1
389	389	0	5383315	833	5773860	2133887614	2574193	15	12	779	27	0	1	6	1	1	664	95	1	1	1
390	390	0	5383315	844	9111164	2139270929	2575037	15	12	790	27	0	1	6	1	1	675	95	1	1	1
391	391	0	5383315	835	6388359	2144654244	2575872	15	12	781	27	0	1	6	1	1	666	95	1	1	1
392	392	0	5383329	839	9412424	2150037573	2576711	15	12	785	27	0	1	6	1	1	662	103	1	1	1
393	393	0	5383343	846	8969035	2155420916	2577557	15	12	792	27	0	1	6	1	1	664	108	1	1	1
394	394	0	5383343	846	7933146	2160804259	2578403	15	12	792	27	0	1	6	1	1	664	108	1	1	1
395	395	0	5383343	856	6536649	2166187602	2579259	15	12	802	27	0	1	6	1	1	674	108	1	1	1
396	396	0	5383309	842	9182004	2171570911	2580101	15	12	788	27	0	1	6	1	1	676	92	1	1	1
397	397	0	5383345	847	6575559	2176954256	2580948	15	12	793	27	0	1	6	1	1	664	109	1	1	1
398	398	0	5383345	847	8796675	2182337601	2581795	15	12	793	27	0	1	6	1	1	664	109	1	1	1
399	399	0	5383345	857	6307999	2187720946	2582652	15	12	803	27	0	1	6	1	1	674	109	1	1	1
400	400	0	5383309	826	6488439	2193104255	2583478	15	12	772	27	0	1	6	1	1	660	92	1	1	1
401	401	0	5383335	836	9425574	2198487590	2584314	15	12	782	27	0	1	6	1	1	660	102	1	1	1
402	402	0	5383337	848	6588079	2203870927	2585162	15	12	794	27	0	1	6	1	1	671	103	1	1	1
403	403	0	5383347	845	9342765	2209254274	2586007	15	12	791	27	0	1	6	1	1	661	110	1	1	1
404	404	0	5383355	846	6185829	2214637629	2586853	15	12	792	27	0	1	6	1	1	659	113	1	1	1
405	405	0	5383337	834	9005374	2220020966	2587687	15	12	780	27	0	1	6	1	1	656	104	1	1	1
406	406	0	5383339	834	6043150	2225404305	2588521	15	12	780	27	0	1	6	1	1	657	103	1	1	1
407	407	0	5383309	830	8779785	2230787614	2589351	15	12	776	27	0	1	6	1	1	662	94	1	1	1
408	408	0	5383626	878	6210870	2236171240	2590229	15	12	824	27	0	1	6	1	1	661	142	1	1	1
409	409	0	5383751	886	6431669	2241554991	2591115	15	12	832	27	0	1	6	1	1	662	149	1	1	1
410	410	0	5383335	842	8919135	2246938326	2591957	15	12	788	27	0	1	6	1	1	663	105	1	1	1
411	411	0	5383309	825	6211489	2252321635	2592782	15	12	771	27	0	1	6	1	1	660	91	1	1	1
412	412	0	5339190	1705	7577058	2257660825	2594487	24	18	1636	27	0	1	15	1	59	242	1315	1	1	4
413	413	0	5339192	13552	6432409	2263000017	2608039	12969	12	544	27	0	1	6	12954	1	393	130	1	1	1
414	414	0	5339234	509	9669073	2268339251	2608548	15	12	455	27	0	1	6	1	1	291	143	1	1	1
415	415	0	5339236	511	6923778	2273678487	2609059	15	12	457	27	0	1	6	1	1	291	145	1	1	1
416	416	0	5339115	491	7254688	2279017602	2609550	15	12	437	27	0	1	6	1	1	292	125	1	1	1
417	417	0	5339117	495	6491329	2284356719	2610045	15	12	441	27	0	1	6	1	1	296	125	1	1	1
418	418	0	5339143	506	6429449	2289695862	2610551	15	12	452	27	0	1	6	1	1	296	135	1	1	1
419	419	0	5339145	502	6730068	2295035007	2611053	15	12	448	27	0	1	6	1	1	292	135	1	1	1
420	420	0	5339055	466	7044758	2300374062	2611519	15	12	412	27	0	1	6	1	1	292	100	1	1	1
421	421	0	5345067	1882	6547339	2305719129	2613401	24	18	1813	27	0	1	15	1	59	270	1464	1	1	4
422	422	0	5345067	13543	7332867	2311064196	2626944	12969	12	535	27	0	1	6	12954	1	420	95	1	1	1
423	423	0	5345069	469	6518739	2316409265	2627413	15	12	415	27	0	1	6	1	1	298	97	1	1	1
424	424	0	5345069	469	4873042	2321754334	2627882	15	12	415	27	0	1	6	1	1	299	96	1	1	1
425	425	0	5345119	487	6328609	2327099453	2628369	15	12	433	27	0	1	6	1	1	299	114	1	1	1
426	426	0	5345089	480	6795098	2332444542	2628849	15	12	426	27	0	1	6	1	1	300	106	1	1	1
427	427	0	5345105	487	6796129	2337789647	2629336	15	12	433	27	0	1	6	1	1	300	113	1	1	1
428	428	0	5498945	43036	9089034	2343288592	2672372	13825	615	28569	27	0	1	775	13040	330	6953	21264	1	1	389
429	429	0	5498959	14206	7675267	2348787551	2686578	13842	12	325	27	0	1	6	13827	1	207	98	1	1	1
430	430	0	5338626	1844	6879038	2354126177	2688422	27	20	1770	27	0	1	18	1	59	186	1505	1	1	5
431	431	0	5338634	13219	5586271	2359464811	2701641	12972	12	208	27	0	1	6	12957	1	37	151	1	1	1
432	432	0	5338738	271	5746040	2364803549	2701912	15	12	217	27	0	1	6	1	1	35	162	1	1	1
433	433	0	5338746	272	6157249	2370142295	2702184	15	12	218	27	0	1	6	1	1	35	163	1	1	1
434	434	0	5340886	382	6620569	2375483181	2702566	15	12	328	27	0	1	6	1	1	35	273	1	1	1
435	435	0	5338658	262	6373619	2380821839	2702828	15	12	208	27	0	1	6	1	1	35	153	1	1	1
436	436	0	5338666	264	6556839	2386160505	2703092	15	12	210	27	0	1	6	1	1	35	155	1	1	1
437	437	0	5338770	276	6830538	2391499275	2703368	15	12	222	27	0	1	6	1	1	35	167	1	1	1
438	438	0	5338778	276	6245839	2396838053	2703644	15	12	222	27	0	1	6	1	1	35	167	1	1	1
439	439	0	5340918	380	5048222	2402178971	2704024	15	12	326	27	0	1	6	1	1	35	271	1	1	1
440	440	0	5338690	264	5730040	2407517661	2704288	15	12	210	27	0	1	6	1	1	35	155	1	1	1
441	441	0	5338698	265	5849230	2412856359	2704553	15	12	211	27	0	1	6	1	1	35	156	1	1	1
442	442	0	5338802	277	6359869	2418195161	2704830	15	12	223	27	0	1	6	1	1	35	168	1	1	1
443	443	0	5338810	276	6316439	2423533971	2705106	15	12	222	27	0	1	6	1	1	35	167	1	1	1
444	444	0	5341334	393	6152280	2428875305	2705499	15	12	339	27	0	1	6	1	1	35	284	1	1	1
445	445	0	5341366	394	8193816	2434216671	2705893	15	12	340	27	0	1	6	1	1	35	285	1	1	1
446	446	0	5338086	110	4859981	2439554757	2706003	15	12	56	27	0	1	6	1	1	36	1	1	1	1
447	447	0	5341014	390	5333311	2444895771	2706393	15	12	336	27	0	1	6	1	1	35	281	1	1	1
448	448	0	5341046	391	9453124	2450236817	2706784	15	12	337	27	0	1	6	1	1	35	282	1	1	1
449	449	0	5341462	404	6541879	2455578279	2707188	15	12	350	27	0	1	6	1	1	35	295	1	1	1
450	450	0	5341494	404	9336404	2460919773	2707592	15	12	350	27	0	1	6	1	1	35	295	1	1	1
451	451	0	5341142	392	6740898	2466260915	2707984	15	12	338	27	0	1	6	1	1	35	283	1	1	1
452	452	0	5341174	392	9378774	2471602089	2708376	15	12	338	27	0	1	6	1	1	35	283	1	1	1
453	453	0	5341590	405	6421279	2476943679	2708781	15	12	351	27	0	1	6	1	1	35	296	1	1	1
454	454	0	5341622	406	9171804	2482285301	2709187	15	12	352	27	0	1	6	1	1	35	297	1	1	1
455	455	0	5337478	1143	7011948	2487622779	2710330	40	20	1056	27	0	1	20	12	59	180	797	1	1	5
456	456	0	5337478	13383	10738981	2492960257	2723713	12978	12	366	27	0	1	6	12963	1	243	103	1	1	1
457	457	0	5337456	361	9808394	2498297713	2724074	15	12	307	27	0	1	6	1	1	195	92	1	1	1
458	458	0	5337466	366	9756024	2503635179	2724440	15	12	312	27	0	1	6	1	1	195	97	1	1	1
459	459	0	5337466	369	9632693	2508972645	2724809	15	12	315	27	0	1	6	1	1	198	97	1	1	1
460	460	0	5337530	385	10198703	2514310175	2725194	15	12	331	27	0	1	6	1	1	193	118	1	1	1
461	461	0	5357761	3133	6881978	2519667936	2728327	27	20	3059	27	0	1	18	1	62	261	2716	1	1	5
462	462	0	5357787	13851	6713939	2525025723	2742178	12972	12	840	27	0	1	6	12957	1	709	111	1	1	1
463	463	0	5357759	626	5093482	2530383482	2742804	15	12	572	27	0	1	6	1	1	453	99	1	1	1
464	464	0	5357759	629	5272351	2535741241	2743433	15	12	575	27	0	1	6	1	1	455	100	1	1	1
465	465	0	5357759	628	8588385	2541099000	2744061	15	12	574	27	0	1	6	1	1	454	100	1	1	1
466	466	0	5357769	626	6201619	2546456769	2744687	15	12	572	27	0	1	6	1	1	450	102	1	1	1
467	467	0	5357755	617	8832254	2551814524	2745304	15	12	563	27	0	1	6	1	1	449	94	1	1	1
468	468	0	5357904	658	5164332	2557172428	2745962	15	12	604	27	0	1	6	1	1	451	132	1	1	1
469	469	0	5357906	659	5099122	2562530334	2746621	15	12	605	27	0	1	6	1	1	451	133	1	1	1
470	470	0	5357948	671	7986186	2567888282	2747292	15	12	617	27	0	1	6	1	1	451	145	1	1	1
471	471	0	5357952	674	6160449	2573246234	2747966	15	12	620	27	0	1	6	1	1	451	148	1	1	1
472	472	0	5357829	654	6601458	2578604063	2748620	15	12	600	27	0	1	6	1	1	453	127	1	1	1
473	473	0	5357831	655	8629946	2583961894	2749275	15	12	601	27	0	1	6	1	1	454	127	1	1	1
474	474	0	5357857	667	5886410	2589319751	2749942	15	12	613	27	0	1	6	1	1	453	139	1	1	1
475	475	0	5357859	668	6098350	2594677610	2750610	15	12	614	27	0	1	6	1	1	455	138	1	1	1
476	476	0	5357759	627	8913065	2600035369	2751237	15	12	573	27	0	1	6	1	1	453	100	1	1	1
477	477	0	5339230	1799	6534498	2605374599	2753036	30	20	1722	27	0	1	21	1	49	215	1438	1	1	5
478	478	0	5339224	13508	9345893	2610713823	2766544	12974	12	495	27	0	1	6	12959	1	375	100	1	1	1
479	479	0	5339236	443	5647281	2616053059	2766987	15	12	389	27	0	1	6	1	1	261	108	1	1	1
480	480	0	5339571	519	6665228	2621392630	2767506	15	12	465	27	0	1	6	1	1	277	167	1	1	1
481	481	0	5339341	461	6632019	2626731971	2767967	15	12	407	27	0	1	6	1	1	263	124	1	1	1
482	482	0	5339254	454	6432429	2632071225	2768421	15	12	400	27	0	1	6	1	1	267	113	1	1	1
483	483	0	5339256	461	7195478	2637410481	2768882	15	12	407	27	0	1	6	1	1	273	114	1	1	1
484	484	0	5339256	461	9314054	2642749737	2769343	15	12	407	27	0	1	6	1	1	273	114	1	1	1
485	485	0	5339351	472	5956549	2648089088	2769815	15	12	418	27	0	1	6	1	1	275	123	1	1	1
486	486	0	5339355	470	6560028	2653428443	2770285	15	12	416	27	0	1	6	1	1	273	123	1	1	1
487	487	0	5339355	468	9540114	2658767798	2770753	15	12	414	27	0	1	6	1	1	271	123	1	1	1
488	488	0	5339230	446	6651948	2664107028	2771199	15	12	392	27	0	1	6	1	1	267	105	1	1	1
489	489	0	5501269	4910	9610293	2669608297	2776109	380	24	4479	27	0	1	29	342	61	549	3849	1	1	7
490	490	0	5501269	14312	7526067	2675109566	2790421	13371	12	902	27	0	1	6	13356	1	675	206	1	1	1
491	491	0	5500743	683	9646214	2680610309	2791104	15	12	629	27	0	1	6	1	1	478	130	1	1	1
492	492	0	5500460	660	7533367	2686110769	2791764	15	12	606	27	0	1	6	1	1	457	128	1	1	1
493	493	0	5500772	681	7342897	2691611541	2792445	15	12	627	27	0	1	6	1	1	454	152	1	1	1
494	494	0	5500539	647	10340672	2697112080	2793092	15	12	593	27	0	1	6	1	1	469	104	1	1	1
495	495	0	5500412	635	7724217	2702612492	2793727	15	12	581	27	0	1	6	1	1	459	102	1	1	1
496	496	0	5500412	638	9713764	2708112904	2794365	15	12	584	27	0	1	6	1	1	462	102	1	1	1
497	497	0	5500301	636	6862338	2713613205	2795001	15	12	582	27	0	1	6	1	1	448	114	1	1	1
498	498	0	5344657	1785	7609287	2718957862	2796786	30	20	1708	27	0	1	21	1	62	294	1332	1	1	5
499	499	0	5344657	13471	9026984	2724302519	2810257	12974	12	458	27	0	1	6	12959	1	437	1	1	1	1
500	500	0	5344663	400	5162020	2729647182	2810657	15	12	346	27	0	1	6	1	1	325	1	1	1	1
501	501	0	5344562	398	6183979	2734991744	2811055	15	12	344	27	0	1	6	1	1	323	1	1	1	1
502	502	0	5344536	484	6125209	2740336280	2811539	15	12	430	27	0	1	6	1	1	317	93	1	1	1
503	503	0	5344536	493	10050182	2745680816	2812032	15	12	439	27	0	1	6	1	1	326	93	1	1	1
504	504	0	5345273	588	6129550	2751026089	2812620	15	12	534	27	0	1	6	1	1	315	198	1	1	1
505	505	0	5344409	488	9356764	2756370498	2813108	15	12	434	27	0	1	6	1	1	321	93	1	1	1
506	506	0	5510868	5231	7634067	2761881366	2818339	41	26	5137	27	0	1	32	1	66	982	4069	1	1	8
507	507	0	5511271	14162	7871166	2767392637	2832501	13373	12	750	27	0	1	6	13358	1	427	302	1	1	1
508	508	0	5510604	614	8670466	2772903241	2833115	15	12	560	27	0	1	6	1	1	315	224	1	1	1
509	509	0	5509785	484	7369997	2778413026	2833599	15	12	430	27	0	1	6	1	1	280	129	1	1	1
510	510	0	5509789	484	10127922	2783922815	2834083	15	12	430	27	0	1	6	1	1	278	131	1	1	1
511	511	0	5509862	499	5535010	2789432677	2834582	15	12	445	27	0	1	6	1	1	287	137	1	1	1
512	512	0	5509733	470	6318069	2794942410	2835052	15	12	416	27	0	1	6	1	1	278	118	1	1	1
513	513	0	5509733	471	5527371	2800452143	2835523	15	12	417	27	0	1	6	1	1	280	117	1	1	1
514	514	0	5509626	457	6200509	2805961769	2835980	15	12	403	27	0	1	6	1	1	265	118	1	1	1
515	515	0	5336926	15533	6603109	2811298695	2851513	12992	24	2490	27	0	1	30	12953	81	313	2076	1	1	7
516	516	0	5337611	13982	6853908	2816636306	2865495	13015	30	910	27	0	1	42	12964	1	660	229	1	1	10
517	517	0	5336585	636	8945375	2821972891	2866131	15	12	582	27	0	1	6	1	1	409	152	1	1	1
518	518	0	5336456	620	5897080	2827309347	2866751	15	12	566	27	0	1	6	1	1	408	137	1	1	1
519	519	0	5337392	739	8440675	2832646739	2867490	15	12	685	27	0	1	6	1	1	408	256	1	1	1
520	520	0	5337044	694	6269630	2837983783	2868184	15	12	640	27	0	1	6	1	1	409	210	1	1	1
521	521	0	5336540	656	8309905	2843320323	2868840	15	12	602	27	0	1	6	1	1	411	170	1	1	1
522	522	0	5336532	656	5159041	2848656855	2869496	15	12	602	27	0	1	6	1	1	415	166	1	1	1
523	523	0	5336588	662	5326141	2853993443	2870158	15	12	608	27	0	1	6	1	1	414	173	1	1	1
524	524	0	5336628	668	8671175	2859330071	2870826	15	12	614	27	0	1	6	1	1	412	181	1	1	1
525	525	0	5336724	675	6416449	2864666795	2871501	15	12	621	27	0	1	6	1	1	414	186	1	1	1
526	526	0	5337227	765	6325869	2870004022	2872266	27	18	693	27	0	1	18	1	1	440	232	1	1	4
527	527	0	5337154	686	9145365	2875341176	2872952	15	12	632	27	0	1	6	1	1	406	205	1	1	1
528	528	0	5337009	680	6100009	2880678185	2873632	15	12	626	27	0	1	6	1	1	409	196	1	1	1
529	529	0	5336902	679	9161025	2886015087	2874311	15	12	625	27	0	1	6	1	1	411	193	1	1	1
530	530	0	5341050	2588	6583859	2891356137	2876899	24	18	2519	27	0	1	15	1	55	243	2201	1	1	4
531	531	0	5341080	13833	9249664	2896697217	2890732	12969	12	825	27	0	1	6	12954	1	699	106	1	1	1
532	532	0	5341082	623	6058700	2902038299	2891355	15	12	569	27	0	1	6	1	1	442	107	1	1	1
533	533	0	5341295	651	7853416	2907379594	2892006	15	12	597	27	0	1	6	1	1	439	137	1	1	1
534	534	0	5341110	620	6069720	2912720704	2892626	15	12	566	27	0	1	6	1	1	439	107	1	1	1
535	535	0	5341100	626	9388364	2918061804	2893252	15	12	572	27	0	1	6	1	1	441	111	1	1	1
536	536	0	5341100	626	6469569	2923402904	2893878	15	12	572	27	0	1	6	1	1	443	109	1	1	1
537	537	0	5341090	630	9054455	2928743994	2894508	15	12	576	27	0	1	6	1	1	443	113	1	1	1
538	538	0	5341090	625	6181120	2934085084	2895133	15	12	571	27	0	1	6	1	1	443	108	1	1	1
539	539	0	5341090	625	9256254	2939426174	2895758	15	12	571	27	0	1	6	1	1	443	108	1	1	1
540	540	0	5341070	620	4956611	2944767244	2896378	15	12	566	27	0	1	6	1	1	443	103	1	1	1
541	541	0	5341062	623	5801399	2950108306	2897001	15	12	569	27	0	1	6	1	1	443	106	1	1	1
542	542	0	5341062	622	6484818	2955449368	2897623	15	12	568	27	0	1	6	1	1	442	106	1	1	1
543	543	0	5369535	6533	5609930	2960818903	2904156	29	20	6457	27	0	1	20	1	52	679	5706	1	1	5
544	544	0	5369526	14006	6359099	2966188429	2918162	12979	12	988	27	0	1	6	12964	1	796	171	1	1	1
545	545	0	5369011	743	6834788	2971557440	2918905	15	12	689	27	0	1	6	1	1	551	118	1	1	1
546	546	0	5370740	929	6617389	2976928180	2919834	15	12	875	27	0	1	6	1	1	554	300	1	1	1
547	547	0	5369035	751	7786446	2982297215	2920585	15	12	697	27	0	1	6	1	1	554	123	1	1	1
548	548	0	5369108	759	5877021	2987666323	2921344	15	12	705	27	0	1	6	1	1	562	123	1	1	1
549	549	0	5369108	753	6185409	2993035431	2922097	15	12	699	27	0	1	6	1	1	559	120	1	1	1
550	550	0	5369307	773	9811903	2998404738	2922870	15	12	719	27	0	1	6	1	1	559	139	1	1	1
551	551	0	5369339	786	6680979	3003774077	2923656	15	12	732	27	0	1	6	1	1	559	152	1	1	1
552	552	0	5369037	753	9650084	3009143114	2924409	15	12	699	27	0	1	6	1	1	557	122	1	1	1
553	553	0	5369037	749	6732498	3014512151	2925158	15	12	695	27	0	1	6	1	1	554	121	1	1	1
554	554	0	5368991	742	9515243	3019881142	2925900	15	12	688	27	0	1	6	1	1	553	115	1	1	1
555	555	0	5369007	744	6843388	3025250149	2926644	15	12	690	27	0	1	6	1	1	554	116	1	1	1
556	556	0	5363844	4676	7227698	3030613993	2931320	28	20	4601	27	0	1	19	1	50	356	4175	1	1	5
557	557	0	5363683	14381	6916328	3035977676	2945701	12979	12	1363	27	0	1	6	12964	1	1212	130	1	1	1
558	558	0	5363480	954	7368477	3041341156	2946655	15	12	900	27	0	1	6	1	1	767	113	1	1	1
559	559	0	5363226	926	5121151	3046704382	2947581	15	12	872	27	0	1	6	1	1	756	96	1	1	1
560	560	0	5363632	1015	5919990	3052068014	2948596	15	12	961	27	0	1	6	1	1	763	177	1	1	1
561	561	0	5363604	985	9454053	3057431618	2949581	15	12	931	27	0	1	6	1	1	764	146	1	1	1
562	562	0	5363200	913	6603189	3062794818	2950494	15	12	859	27	0	1	6	1	1	753	86	1	1	1
563	563	0	5363220	918	6609629	3068158038	2951412	15	12	864	27	0	1	6	1	1	750	94	1	1	1
564	564	0	5363411	955	9882503	3073521449	2952367	15	12	901	27	0	1	6	1	1	752	128	1	1	1
565	565	0	5364401	1042	6853468	3078885850	2953409	15	12	988	27	0	1	6	1	1	754	213	1	1	1
566	566	0	5361071	4085	7769247	3084246921	2957494	27	20	4011	27	0	1	18	1	54	366	3571	1	1	5
567	567	0	5361071	13889	4919941	3089607992	2971383	12972	12	878	27	0	1	6	12957	1	734	124	1	1	1
568	568	0	5360916	666	5038782	3094968908	2972049	15	12	612	27	0	1	6	1	1	500	92	1	1	1
569	569	0	5360916	662	5514240	3100329824	2972711	15	12	608	27	0	1	6	1	1	499	89	1	1	1
570	570	0	5360936	669	8753895	3105690760	2973380	15	12	615	27	0	1	6	1	1	499	96	1	1	1
571	571	0	5361260	705	6052590	3111052020	2974085	15	12	651	27	0	1	6	1	1	498	132	1	1	1
572	572	0	5361452	726	8322915	3116413472	2974811	15	12	672	27	0	1	6	1	1	488	163	1	1	1
573	573	0	5329314	684	5914999	3121742786	2975495	24	18	615	27	0	1	15	1	53	57	486	1	1	4
574	574	0	5333334	1093	5719601	3127076120	2976588	24	18	1024	27	0	1	15	1	58	145	801	1	1	4
575	575	0	5333245	13393	5770450	3132409365	2989981	12969	12	385	27	0	1	6	12954	1	258	107	1	1	1
576	576	0	5333225	364	4675192	3137742590	2990345	15	12	310	27	0	1	6	1	1	192	98	1	1	1
577	577	0	5333233	368	5585430	3143075823	2990713	15	12	314	27	0	1	6	1	1	192	102	1	1	1
578	578	0	5333297	386	5784550	3148409120	2991099	15	12	332	27	0	1	6	1	1	189	123	1	1	1
579	579	0	5333031	921	8606266	3153742151	2992020	24	18	852	27	0	1	15	1	53	68	712	1	1	4
580	580	0	5343267	2419	6447879	3159085418	2994439	29	20	2343	27	0	1	20	1	69	236	2018	1	1	5
581	581	0	5344129	13906	6720489	3164429547	3008345	12974	12	893	27	0	1	6	12959	1	619	253	1	1	1
582	582	0	5343603	649	9660973	3169773150	3008994	15	12	595	27	0	1	6	1	1	405	169	1	1	1
583	583	0	5332983	921	6030580	3175106133	3009915	24	18	852	27	0	1	15	1	59	59	715	1	1	4
584	584	0	7095048	23053	9255474	3182201181	3032968	20286	18	2722	27	0	1	16	20260	60	253	2389	1	1	4
585	585	0	5388768	14285	7731917	3187589949	3047253	6483	18	7757	27	0	1	17	6457	58	549	7130	1	1	4
586	586	0	5389352	15451	10262942	3192979301	3062704	12997	12	2415	27	0	1	6	12982	1	2205	189	1	1	1
587	587	0	5389191	1553	7168038	3198368492	3064257	15	12	1499	27	0	1	6	1	1	1309	169	1	1	1
588	588	0	5388724	1504	7007718	3203757216	3065761	15	12	1450	27	0	1	6	1	1	1304	126	1	1	1
589	589	0	5388690	1504	7666177	3209145906	3067265	15	12	1450	27	0	1	6	1	1	1305	125	1	1	1
590	590	0	5388573	1476	7429337	3214534479	3068741	15	12	1422	27	0	1	6	1	1	1305	97	1	1	1
591	591	0	5388987	1553	7376128	3219923466	3070294	15	12	1499	27	0	1	6	1	1	1310	168	1	1	1
592	592	0	5388744	1531	7397758	3225312210	3071825	15	12	1477	27	0	1	6	1	1	1311	145	1	1	1
593	593	0	5388778	1543	7321117	3230700988	3073368	15	12	1489	27	0	1	6	1	1	1310	158	1	1	1
594	594	0	5388776	1537	6987878	3236089764	3074905	15	12	1483	27	0	1	6	1	1	1306	156	1	1	1
595	595	0	5388740	1500	10079303	3241478504	3076405	15	12	1446	27	0	1	6	1	1	1304	122	1	1	1
596	596	0	5388808	1517	6676008	3246867312	3077922	15	12	1463	27	0	1	6	1	1	1309	133	1	1	1
597	597	0	5388736	1503	7280097	3252256048	3079425	15	12	1449	27	0	1	6	1	1	1309	120	1	1	1
598	598	0	5335268	1584	7279638	3257591316	3081009	42	30	1485	27	0	1	33	1	51	208	1206	1	1	10
599	599	0	5335268	13410	6509278	3262926584	3094419	12983	12	388	27	0	1	6	12968	1	275	93	1	1	1
600	600	0	5335276	346	6757238	3268261860	3094765	15	12	292	27	0	1	6	1	1	178	94	1	1	1
601	601	0	5335276	348	6522999	3273597136	3095113	15	12	294	27	0	1	6	1	1	177	97	1	1	1
602	602	0	5333098	1178	6503338	3278930234	3096291	24	18	1109	27	0	1	15	1	61	106	923	1	1	4
603	603	0	5362489	22246	8175146	3284292723	3118537	13057	44	9118	27	0	1	79	12969	57	4831	4210	1	1	17
604	604	0	5363648	14676	7217858	3289656371	3133213	12977	12	1660	27	0	1	8	12960	1	1535	105	1	1	1
605	605	0	5365594	14265	5799720	3295021965	3147478	12969	12	1257	27	0	1	6	12954	1	961	275	1	1	1
606	606	0	5363741	1154	5734300	3300385706	3148632	15	12	1100	27	0	1	6	1	1	969	111	1	1	1
607	607	0	5363652	1153	6744239	3305749358	3149785	15	12	1099	27	0	1	6	1	1	968	111	1	1	1
608	608	0	5363630	1147	6809548	3311112988	3150932	15	12	1093	27	0	1	6	1	1	971	102	1	1	1
609	609	0	5363680	1162	6719109	3316476668	3152094	15	12	1108	27	0	1	6	1	1	965	123	1	1	1
610	610	0	5363775	1166	5453080	3321840443	3153260	15	12	1112	27	0	1	6	1	1	970	122	1	1	1
611	611	0	5363903	1186	6964418	3327204346	3154446	15	12	1132	27	0	1	6	1	1	967	144	1	1	1
612	612	0	5363648	1149	6774519	3332567994	3155595	15	12	1095	27	0	1	6	1	1	965	110	1	1	1
613	613	0	5363650	1151	6404579	3337931644	3156746	15	12	1097	27	0	1	6	1	1	967	110	1	1	1
614	614	0	5363636	1142	6502049	3343295280	3157888	15	12	1088	27	0	1	6	1	1	964	104	1	1	1
615	615	0	5330731	636	6305039	3348626011	3158524	24	18	567	27	0	1	15	1	57	57	434	1	1	4
616	616	0	5331867	15268	6976128	3353957878	3173792	12990	26	2225	27	0	1	32	12949	61	1355	789	1	1	8
617	617	0	5335628	15117	9869543	3359293506	3188909	12996	20	2074	27	0	1	28	12959	56	242	1756	1	1	5
618	618	0	5335628	13701	7418097	3364629134	3202610	12973	12	689	27	0	1	6	12958	1	546	123	1	1	1
619	619	0	5335640	594	9271884	3369964774	3203204	15	12	540	27	0	1	6	1	1	395	125	1	1	1
620	620	0	5335856	620	6340050	3375300630	3203824	15	12	566	27	0	1	6	1	1	396	149	1	1	1
621	621	0	5467251	1368	9350214	3380767881	3205192	29	20	1292	27	0	1	20	1	69	186	1017	1	1	5
622	622	0	5467251	13861	6343970	3386235132	3219053	13365	12	457	27	0	1	6	13350	1	333	104	1	1	1
623	623	0	5467249	399	8865854	3391702381	3219452	15	12	345	27	0	1	6	1	1	222	103	1	1	1
624	624	0	5467251	404	7055848	3397169632	3219856	15	12	350	27	0	1	6	1	1	226	104	1	1	1
625	625	0	5468021	502	9790474	3402637653	3220358	15	12	448	27	0	1	6	1	1	224	203	1	1	1
626	626	0	5467563	440	7800526	3408105216	3220798	15	12	386	27	0	1	6	1	1	222	143	1	1	1
627	627	0	5467243	400	6474599	3413572459	3221198	15	12	346	27	0	1	6	1	1	224	102	1	1	1
628	628	0	5467247	404	7309678	3419039706	3221602	15	12	350	27	0	1	6	1	1	226	104	1	1	1
629	629	0	5467249	405	4937761	3424506955	3222007	15	12	351	27	0	1	6	1	1	227	104	1	1	1
630	630	0	5467343	439	6491639	3429974298	3222446	15	12	385	27	0	1	6	1	1	228	136	1	1	1
631	631	0	5467257	405	9759613	3435441555	3222851	15	12	351	27	0	1	6	1	1	224	107	1	1	1
632	632	0	5467257	406	6323699	3440908812	3223257	15	12	352	27	0	1	6	1	1	225	107	1	1	1
633	633	0	5467259	408	6872198	3446376071	3223665	15	12	354	27	0	1	6	1	1	226	108	1	1	1
634	634	0	5467247	403	6359540	3451843318	3224068	15	12	349	27	0	1	6	1	1	225	104	1	1	1
635	635	0	5467249	403	6711468	3457310567	3224471	15	12	349	27	0	1	6	1	1	226	103	1	1	1
636	636	0	5377240	20692	7026048	3462687807	3245163	12995	26	7644	27	0	1	36	12950	66	2420	5138	1	1	8
637	637	0	5375928	16173	6056690	3468063735	3261336	12990	20	3136	27	0	1	24	12957	1	2050	1065	1	1	5
638	638	0	5350394	4033	6121369	3473414129	3265369	24	18	3964	27	0	1	15	1	54	406	3484	1	1	4
639	639	0	5350386	14311	7090138	3478764515	3279680	12969	12	1303	27	0	1	6	12954	1	1187	96	1	1	1
640	640	0	5350654	976	6709279	3484115169	3280656	15	12	922	27	0	1	6	1	1	773	128	1	1	1
641	641	0	5350412	968	6568729	3489465581	3281624	15	12	914	27	0	1	6	1	1	786	108	1	1	1
642	642	0	5350390	961	7195118	3494815971	3282585	15	12	907	27	0	1	6	1	1	786	101	1	1	1
643	643	0	5350390	959	6374699	3500166361	3283544	15	12	905	27	0	1	6	1	1	787	98	1	1	1
644	644	0	5350400	962	6387079	3505516761	3284506	15	12	908	27	0	1	6	1	1	784	104	1	1	1
645	645	0	5350470	986	5139921	3510867231	3285492	15	12	932	27	0	1	6	1	1	786	126	1	1	1
646	646	0	5350400	963	5678400	3516217631	3286455	15	12	909	27	0	1	6	1	1	782	107	1	1	1
647	647	0	5350531	985	6673298	3521568162	3287440	15	12	931	27	0	1	6	1	1	784	127	1	1	1
648	648	0	5350394	958	6182590	3526918556	3288398	15	12	904	27	0	1	6	1	1	785	99	1	1	1
649	649	0	5350400	1129	4836221	3532268956	3289527	15	12	906	27	169	1	6	1	1	781	105	1	1	1
