tu	regions	root_tok	new_lines	new_regions	new_blocks	deepest	root_z3	line_def	region_def	block_def	missing	fill_z3	total_z	cum_z	blocks	pairs	srcbytes
0	9351	600	0	0	9	1458	1222	0	0	29	15	38	1307	1307	24347	795545	7069925
1	4603	712	0	0	7	315	1224	0	0	34	18	43	1317	2624	24354	795578	4103275
2	10039	1405	0	0	20	708	2505	0	0	187	95	179	2811	5435	24374	795675	7176133
3	7303	678	0	0	5	472	1189	0	0	30	15	39	1275	6710	24379	795711	6224340
4	15876	7205	0	0	58	1616	13406	0	0	29	15	38	13491	20201	24437	795791	8166516
5	8042	1346	0	0	18	506	2422	0	0	29	15	38	2507	22708	24455	795855	6348398
6	13282	4211	0	0	19	836	7292	0	0	46	24	55	7403	30111	24474	795892	7789896
7	3664	542	0	0	6	310	973	0	0	22	12	31	1048	31159	24480	795932	3233616
8	6717	1232	0	0	7	707	2108	0	0	36	18	45	2203	33362	24487	795988	5851842
9	7347	773	0	0	4	406	1372	0	0	47	24	56	1484	34846	24491	796037	6238873
10	3567	451	0	0	3	310	814	0	0	33	18	42	906	35752	24494	796061	3218884
11	8231	1732	0	0	7	571	3002	0	0	30	15	39	3088	38840	24501	796109	6381050
12	6153	859	0	0	9	734	1583	0	0	60	33	69	1717	40557	24510	796149	5611209
13	12644	3741	0	0	12	836	6308	0	0	22	12	31	6383	46940	24522	796197	7574081
14	11889	2712	0	0	8	750	4817	0	0	95	48	104	5001	51941	24530	796250	7652092
15	145	14	0	0	1	43	51	0	0	11	6	20	109	52050	24531	796256	24011
16	145	13	0	0	0	43	48	0	0	6	3	15	98	52148	24531	796262	24039
17	8008	1399	0	0	3	525	2583	0	0	41	21	50	2686	54834	24534	796304	6349276
18	8826	755	0	0	20	525	1578	0	0	83	42	92	1744	56578	24554	796371	6803954
19	11424	2275	0	0	7	836	3844	0	0	53	27	62	3965	60543	24561	796416	7471485
20	146	14	0	0	0	43	51	0	0	0	0	0	67	60610	24561	796420	23828
21	5460	1557	0	0	4	326	2422	0	0	6	3	15	2472	63082	24565	796434	3789287
22	7780	1186	0	0	12	406	2060	0	0	42	21	51	2164	65246	24577	796471	6342375
23	9028	2969	0	0	10	406	4921	0	0	6	3	15	4971	70217	24587	796505	6258057
24	4501	1352	0	0	0	571	2211	0	0	112	57	111	2411	72628	24587	796545	3474858
25	9506	926	0	0	2	1616	1694	0	0	30	15	39	1780	74408	24589	796583	7039799
26	3351	193	0	0	9	571	447	0	0	24	12	33	524	74932	24598	796595	3303754
27	3532	552	0	0	0	571	935	0	0	35	18	44	1029	75961	24598	796608	3072809
28	14064	5328	0	0	4	1616	9744	0	0	143	72	119	9967	85928	24602	796671	7792239
29	7590	982	0	0	4	734	1683	0	0	0	0	0	1699	87627	24606	796698	6254866
30	7647	1004	0	0	5	570	1801	0	0	36	18	45	1896	89523	24611	796729	6287332
31	4961	1434	0	0	7	367	2320	0	0	64	33	73	2458	91981	24618	796762	4536210
32	16730	7875	0	0	1	1616	13987	0	0	12	6	21	14046	106027	24619	796781	8107854
33	10152	1616	0	0	5	1616	2922	0	0	36	18	45	3017	109044	24624	796815	7076256
34	5427	419	0	0	19	328	892	0	0	37	21	46	991	110035	24643	796856	5487586
35	12778	5079	0	0	5	783	8326	0	0	24	12	33	8403	118438	24648	796891	7389537
36	9732	1064	0	0	5	902	1952	0	0	42	21	51	2056	120494	24653	796944	7130980
37	11049	2466	0	0	9	525	4073	0	0	40	21	49	4175	124669	24662	796988	7325119
38	19957	12340	0	0	11	783	20442	0	0	30	15	39	20528	145197	24673	797023	8429800
39	16679	7843	0	0	0	902	13821	0	0	12	6	21	13880	159077	24673	797050	8200336
40	5455	502	0	0	18	328	1076	0	0	54	36	63	1207	160284	24691	797076	5437100
41	7473	849	0	0	2	734	1549	0	0	30	15	39	1635	161919	24693	797120	6260569
42	10828	4083	0	0	7	571	6971	0	0	48	33	57	7093	169012	24700	797157	6811262
43	13094	4250	0	0	2	902	7113	0	0	12	6	21	7172	176184	24702	797170	7622579
44	9742	3018	0	0	7	502	5156	0	0	12	6	21	5215	181399	24709	797203	6603791
45	5354	366	0	0	5	525	782	0	0	12	6	21	841	182240	24714	797237	5641210
46	12248	3426	0	0	7	1616	6349	0	0	6	3	15	6399	188639	24721	797279	7504302
47	4101	480	0	0	11	539	884	0	0	18	9	27	952	189591	24732	797297	3837985
48	9133	1517	0	0	4	570	2774	0	0	48	24	57	2887	192478	24736	797345	6818735
49	10169	1331	0	0	6	1616	2306	0	0	18	9	27	2374	194852	24742	797358	7176383
50	145	13	0	0	2	43	48	0	0	0	0	0	64	194916	24744	797360	23896
51	15089	6141	0	0	2	1685	11043	0	0	18	9	27	11111	206027	24746	797392	7933729
52	8460	1091	0	0	7	570	1994	0	0	30	15	39	2080	208107	24753	797430	6545807
53	25859	16661	0	0	4	1685	31364	0	0	24	12	33	31441	239548	24757	797464	9246475
54	15078	6286	0	0	7	836	11284	0	0	101	51	103	11470	251018	24764	797531	7889281
55	10920	2158	0	0	12	894	3838	0	0	53	27	62	3959	254977	24776	797561	7291990
56	9018	201	0	0	2	1685	454	0	0	23	12	32	530	255507	24778	797570	7018789
57	13285	4500	0	0	10	894	8038	0	0	42	21	51	8142	263649	24788	797606	7675843
58	14973	5960	0	0	2	1616	10548	0	0	18	9	27	10616	274265	24790	797626	7893651
59	13765	4586	0	0	20	866	7997	0	0	30	15	39	8083	282348	24810	797675	7760129
60	21050	11885	0	0	57	894	21698	0	0	54	27	63	21820	304168	24867	797732	8829865
61	9126	312	0	0	3	1685	659	0	0	35	18	44	753	304921	24870	797748	7029464
62	10906	2201	0	0	11	560	3882	0	0	24	12	33	3959	308880	24881	797788	7310945
63	11105	2288	0	0	7	1685	4153	0	0	18	9	27	4221	313101	24888	797795	7311242
64	36037	27235	0	0	32	894	61629	0	0	60	30	69	61760	374861	24920	797843	10713787
65	9947	1124	0	0	6	1685	1976	0	0	36	18	45	2071	376932	24926	797856	7146822
66	9085	297	0	0	1	1685	639	0	0	35	18	44	733	377665	24927	797882	7024696
67	31697	22846	0	0	0	1685	43196	0	0	12	6	21	43255	420920	24927	797905	9900023
68	9524	695	0	0	1	1685	1202	0	0	18	9	27	1270	422190	24928	797912	7082316
69	17049	8152	0	0	7	1069	15108	0	0	30	15	39	15194	437384	24935	797950	8130339
70	9783	953	0	0	1	1685	1719	0	0	0	0	0	1735	439119	24936	797952	7118223
71	8205	1437	0	0	56	571	2446	0	0	28	15	37	2530	441649	24992	797993	6389120
72	9351	520	0	0	5	1685	890	0	0	6	3	15	940	442589	24997	797997	7062701
73	11660	2846	0	0	5	1685	5031	0	0	143	72	125	5260	447849	25002	798047	7452955
74	31377	22370	0	0	53	1069	42514	0	0	11	6	20	42572	490421	25055	798080	10033040
75	9115	355	0	0	11	1259	710	0	0	42	21	51	814	491235	25066	798105	6970124
76	18018	9249	0	0	3	1555	15692	0	0	54	27	63	15814	507049	25069	798125	8059591
77	9921	1148	0	0	8	1555	2036	0	0	42	21	51	2140	509189	25077	798144	7154708
78	13319	4417	0	0	3	2212	7711	0	0	42	21	51	7815	517004	25080	798172	7660821
79	6666	2505	0	0	21	971	4301	0	0	24	12	33	4378	521382	25101	798188	4101386
80	10081	1243	0	0	4	2212	2207	0	0	18	9	27	2275	523657	25105	798197	7157703
81	10279	1435	0	0	1	2212	2531	0	0	6	3	15	2581	526238	25106	798205	7183426
82	11336	2480	0	0	1	2212	4374	0	0	24	12	33	4451	530689	25107	798217	7335524
83	11275	2446	0	0	2	2212	4274	0	0	0	0	0	4290	534979	25109	798230	7336650
84	9251	407	0	0	1	2212	751	0	0	18	9	27	819	535798	25110	798238	7056482
85	14698	5824	0	0	18	971	10401	0	0	12	6	21	10460	546258	25128	798265	7756701
86	16485	7410	0	0	1	2212	12748	0	0	72	36	81	12897	559155	25129	798291	8060187
87	20682	11837	0	0	6	2212	21776	0	0	0	0	0	21792	580947	25135	798294	8534484
88	9752	948	0	0	6	1685	1632	0	0	18	9	27	1700	582647	25141	798309	7124436
89	10572	1710	0	0	0	2212	2860	0	0	24	12	33	2937	585584	25141	798322	7265807
90	14569	5699	0	0	9	1555	10331	0	0	42	21	51	10435	596019	25150	798345	7810636
91	13510	4659	0	0	2	2212	8020	0	0	0	0	0	8036	604055	25152	798348	7584937
92	10207	1299	0	0	1	2768	2128	0	0	12	6	21	2187	606242	25153	798357	7214752
93	11250	2403	0	0	1	2768	4034	0	0	24	12	33	4111	610353	25154	798390	7353995
94	10478	1627	0	0	0	2768	2985	0	0	0	0	0	3001	613354	25154	798392	7218675
95	28151	19176	0	0	31	1259	42404	0	0	388	195	297	42928	656282	25185	798517	9421243
96	14032	5139	0	0	5	2768	8924	0	0	6	3	15	8974	665256	25190	798524	7763153
97	17475	8601	0	0	0	2768	16061	0	0	18	9	27	16129	681385	25190	798538	8087293
98	17288	8464	0	0	3	2768	15761	0	0	0	0	0	15777	697162	25193	798552	8190077
99	12508	3730	0	0	61	1454	6510	0	0	24	12	33	6587	703749	25254	798600	7615553
100	18374	9099	0	0	7	2768	16934	0	0	6	3	15	16984	720733	25261	798613	8520550
101	10291	1550	0	0	39	1454	2804	0	0	17	9	26	2871	723604	25300	798638	7219473
102	10349	1496	0	0	4	2768	2556	0	0	0	0	0	2572	726176	25304	798640	7225534
103	10930	2109	0	0	0	2768	3916	0	0	35	18	44	4010	730186	25304	798673	7272422
104	3290	216	0	0	11	310	485	0	0	36	18	45	580	730766	25315	798705	3162353
105	9481	651	0	0	6	1616	1178	0	0	0	0	0	1194	731960	25321	798719	7083227
106	9826	2310	0	0	21	525	3997	0	0	36	18	45	4092	736052	25342	798767	6867150
107	145	12	0	0	0	54	45	0	0	0	0	0	61	736113	25342	798770	23812
108	6648	1521	0	0	6	854	2730	0	0	18	9	27	2798	738911	25348	798796	5780207
109	7111	504	0	0	10	570	984	0	0	29	15	38	1069	739980	25358	798827	6201776
110	18138	9476	0	0	7	1616	17332	0	0	99	51	108	17523	757503	25365	798903	8166327
111	3100	127	0	0	4	515	323	0	0	12	6	21	382	757885	25369	798919	3010084
112	14982	6123	0	0	2	3494	10833	0	0	12	6	21	10892	768777	25371	798928	7855367
113	3706	156	0	0	12	463	401	0	0	29	15	38	486	769263	25383	798947	3435801
114	18687	9839	0	0	26	3494	17856	0	0	11	6	20	17914	787177	25409	798965	8448040
115	21824	12992	0	0	4	3494	24344	0	0	6	3	15	24394	811571	25413	798985	8855095
116	5501	940	0	0	1	854	1631	0	0	36	18	45	1726	813297	25414	799009	4440379
117	10014	1169	0	0	3	1616	2127	0	0	23	12	32	2203	815500	25417	799025	7177228
118	8036	1455	0	0	6	472	2436	0	0	36	18	45	2531	818031	25423	799073	6305282
119	3344	209	0	0	8	296	503	0	0	22	12	31	578	818609	25431	799096	3186760
120	5877	766	0	0	2	663	1299	0	0	24	12	33	1376	819985	25433	799117	5543951
121	11067	2211	0	0	0	2768	3774	0	0	12	6	21	3833	823818	25433	799134	7330220
122	9639	1177	0	0	12	525	2250	0	0	136	69	136	2487	826305	25445	799188	7064557
123	7999	694	0	0	10	905	1406	0	0	33	18	42	1498	827803	25455	799229	6467463
124	9240	526	0	0	5	1314	1151	0	0	68	36	77	1296	829099	25460	799278	7057072
125	7043	3540	0	0	10	527	5609	0	0	40	21	49	5711	834810	25470	799311	4790346
126	3806	236	0	0	3	854	518	0	0	27	15	36	601	835411	25473	799334	3761251
127	4779	1099	0	0	5	299	1845	0	0	84	42	93	2012	837423	25478	799389	3947047
128	11883	3062	0	0	3	2768	5875	0	0	6	3	15	5925	843348	25481	799398	7430441
129	6336	1896	0	0	7	349	3335	0	0	50	27	59	3453	846801	25488	799436	5433776
130	5575	1093	0	0	6	310	1914	0	0	24	12	33	1991	848792	25494	799462	4376126
131	3107	131	0	0	4	527	332	0	0	48	24	57	445	849237	25498	799482	3007938
132	145	12	0	0	0	54	45	0	0	0	0	0	61	849298	25498	799484	23836
133	7677	1062	0	0	5	525	1917	0	0	36	18	45	2012	851310	25503	799515	6281638
134	11392	2456	0	0	7	996	4462	0	0	95	48	104	4646	855956	25510	799579	7480315
135	13312	4490	0	0	1	1259	8065	0	0	30	15	39	8151	864107	25511	799607	7574660
136	10441	3656	0	0	18	525	5973	0	0	98	51	107	6163	870270	25529	799660	6639062
137	15343	6235	0	0	7	1454	13382	0	0	78	39	87	13540	883810	25536	799718	7945815
138	4656	725	0	0	5	310	1429	0	0	10	6	19	1486	885296	25541	799747	3724090
139	5084	821	0	0	7	419	1499	0	0	27	15	36	1582	886878	25548	799793	3843023
140	9039	355	0	0	3	1749	715	0	0	24	12	33	792	887670	25551	799810	7000859
141	10259	2680	0	0	10	536	4708	0	0	29	15	38	4793	892463	25561	799868	6896448
142	8122	1282	0	0	6	557	2142	0	0	30	15	39	2228	894691	25567	799906	6379620
143	7268	349	0	0	6	570	742	0	0	18	9	27	810	895501	25573	799942	6263331
144	10113	1543	0	0	6	1749	2751	0	0	35	18	44	2845	898346	25579	799970	7088268
145	4116	300	0	0	1	434	640	0	0	18	9	27	708	899054	25580	799985	3635423
146	11692	2850	0	0	2	1454	5064	0	0	12	6	21	5123	904177	25582	799995	7404348
147	8949	5007	0	0	2	515	8539	0	0	24	12	33	8616	912793	25584	800016	4317194
148	9589	749	0	0	2	1749	1356	0	0	12	6	21	1415	914208	25586	800041	7104067
149	16865	7980	0	0	29	1749	15477	0	0	24	12	33	15554	929762	25615	800072	8356972
150	10253	1449	0	0	2	2420	2653	0	0	18	9	27	2721	932483	25617	800089	7255353
151	9342	510	0	0	3	1749	923	0	0	18	9	27	991	933474	25620	800103	7061504
152	6416	953	0	0	5	570	1782	0	0	22	12	31	1857	935331	25625	800134	5779804
153	26650	19943	0	0	24	463	36558	0	0	99	51	108	36749	972080	25649	800205	8895771
154	8520	1850	0	0	4	557	3473	0	0	18	9	27	3541	975621	25653	800230	6440036
155	7941	546	0	0	11	440	1129	0	0	204	102	184	1447	977068	25664	800316	6496529
156	7442	2304	0	0	10	557	3897	0	0	38	21	47	3997	981065	25674	800370	5907910
157	9690	908	0	0	6	560	1641	0	0	48	24	57	1754	982819	25680	800404	7119679
158	10141	1260	0	0	141	1314	2413	0	0	30	15	39	2499	985318	25821	800433	7232888
159	12740	4034	0	0	2	1749	6973	0	0	59	30	68	7103	992421	25823	800474	7507364
160	9437	653	0	0	17	867	1422	0	0	39	21	48	1523	993944	25840	800524	7142189
161	11536	2748	0	0	15	867	5127	0	0	85	45	94	5298	999242	25855	800552	7488364
162	16324	7484	0	0	2	1314	12966	0	0	0	0	0	12982	1012224	25857	800554	8005802
163	145	12	0	0	1	54	45	0	0	0	0	0	61	1012285	25858	800556	23758
164	8110	1465	0	0	0	599	2721	0	0	29	15	38	2806	1015091	25858	800591	6356588
165	3798	332	0	0	1	373	694	0	0	24	12	33	771	1015862	25859	800611	3649805
166	9743	953	0	0	6	1458	1571	0	0	42	21	51	1675	1017537	25865	800641	7139480
167	10733	1725	0	0	18	1749	3280	0	0	136	81	145	3538	1021075	25883	800706	7452198
168	10034	1253	0	0	10	1314	2051	0	0	35	18	44	2145	1023220	25893	800739	7173922
169	10002	1155	0	0	7	1314	1911	0	0	35	18	44	2005	1025225	25900	800769	7160733
170	9553	790	0	0	8	1749	1430	0	0	30	15	39	1516	1026741	25908	800785	7113950
171	10788	1941	0	0	3	1749	3418	0	0	18	9	27	3486	1030227	25911	800799	7231380
172	9015	264	0	0	7	1314	641	0	0	6	3	15	691	1030918	25918	800817	7019657
173	5438	1375	0	0	23	571	2557	0	0	65	33	74	2696	1033614	25941	800865	5183646
174	2561	42	0	0	1	571	133	0	0	17	9	26	200	1033814	25942	800884	2162869
175	4103	180	0	0	2	489	458	0	0	78	39	82	611	1034425	25944	800922	3142124
176	2590	37	0	0	0	489	120	0	0	6	3	15	170	1034595	25944	800935	2223075
177	3388	66	0	0	4	515	190	0	0	18	9	27	258	1034853	25948	800949	2615539
178	3826	148	0	0	2	522	401	0	0	29	15	38	486	1035339	25950	800988	3981402
179	3593	87	0	0	0	553	238	0	0	24	12	33	315	1035654	25950	801002	2850732
180	3563	114	0	0	4	321	309	0	0	18	9	27	377	1036031	25954	801020	2838577
181	5787	1278	0	0	11	489	2841	0	0	23	12	32	2917	1038948	25965	801054	4879602
182	4997	149	0	0	3	639	397	0	0	16	9	25	463	1039411	25968	801076	4845540
183	4937	286	0	0	5	571	646	0	0	6	3	15	696	1040107	25973	801084	4689839
184	4763	274	0	0	2	639	600	0	0	24	12	33	677	1040784	25975	801094	4656339
185	3339	34	0	0	2	571	111	0	0	6	3	15	161	1040945	25977	801106	2623276
186	3815	81	0	0	4	553	237	0	0	18	9	27	305	1041250	25981	801117	3994653
187	4386	90	0	0	2	599	252	0	0	6	3	15	302	1041552	25983	801126	4542847
188	8546	109	0	0	1	1749	304	0	0	18	9	27	372	1041924	25984	801142	6271625
189	3727	135	0	0	8	301	359	0	0	89	45	98	534	1042458	25992	801175	2831477
190	3409	53	0	0	0	571	164	0	0	0	0	0	180	1042638	25992	801187	2782214
191	7374	141	0	0	7	639	404	0	0	12	6	21	463	1043101	25999	801221	5865217
192	3352	94	0	0	4	285	274	0	0	11	6	20	332	1043433	26003	801240	2789676
193	7771	391	0	0	5	559	906	0	0	50	27	59	1024	1044457	26008	801297	5959389
194	5496	211	0	0	2	421	499	0	0	29	15	38	584	1045041	26010	801313	5026810
195	3339	87	0	0	6	285	266	0	0	18	9	27	334	1045375	26016	801323	2787187
196	3427	107	0	0	2	1060	303	0	0	12	6	21	362	1045737	26018	801345	2672301
197	7601	356	0	0	6	436	822	0	0	35	18	44	916	1046653	26024	801395	5949296
198	5989	330	0	0	3	1060	737	0	0	42	21	51	841	1047494	26027	801433	5298519
199	5145	154	0	0	6	639	408	0	0	18	9	27	476	1047970	26033	801453	4849710
200	6308	188	0	0	4	599	496	0	0	31	18	40	586	1048556	26037	801484	5429129
201	3356	55	0	0	3	1060	167	0	0	18	9	27	235	1048791	26040	801499	2783250
202	4760	78	0	0	0	1060	219	0	0	12	6	21	278	1049069	26040	801510	4807746
203	6299	129	0	0	4	1060	348	0	0	0	0	0	364	1049433	26044	801523	5431111
204	6338	511	0	0	5	1060	1107	0	0	28	15	37	1191	1050624	26049	801554	5283601
205	5656	171	0	0	6	639	461	0	0	17	9	26	528	1051152	26055	801584	5140102
206	4998	66	0	0	0	1060	195	0	0	12	6	21	254	1051406	26055	801604	4951570
207	7614	247	0	0	3	783	598	0	0	12	6	21	657	1052063	26058	801636	5974821
208	4383	480	0	0	20	256	1121	0	0	35	21	44	1218	1053281	26078	801707	3996583
209	3768	174	0	0	3	387	450	0	0	27	15	36	533	1053814	26081	801723	2835262
210	8858	485	0	0	6	866	1059	0	0	108	54	104	1249	1055063	26087	801761	6378382
211	7525	274	0	0	5	1060	612	0	0	30	15	39	698	1055761	26092	801779	5897308
212	7691	371	0	0	4	783	816	0	0	17	9	26	883	1056644	26096	801802	5970041
213	9091	862	0	0	16	549	1921	0	0	42	21	51	2025	1058669	26112	801832	6491152
214	7603	237	0	0	5	783	587	0	0	58	30	67	716	1059385	26117	801861	5955478
215	7581	338	0	0	3	1060	764	0	0	18	9	27	832	1060217	26120	801877	5920672
216	7437	209	0	0	4	1060	512	0	0	18	9	27	580	1060797	26124	801883	5883359
217	7402	172	0	0	13	1060	440	0	0	22	12	31	515	1061312	26137	801891	5875949
218	7575	316	0	0	3	1060	702	0	0	54	27	63	824	1062136	26140	801911	5942144
219	8379	843	0	0	9	549	1762	0	0	48	24	57	1875	1064011	26149	801928	6169821
220	7559	139	0	0	5	1060	366	0	0	12	6	21	425	1064436	26154	801940	5933227
221	3623	53	0	0	4	1060	166	0	0	5	3	14	215	1064651	26158	801954	2961267
222	7567	223	0	0	63	916	574	0	0	42	21	51	678	1065329	26221	802002	5936226
223	8312	65	0	0	5	1749	204	0	0	23	12	32	280	1065609	26226	802024	6216066
224	9	5	0	0	0	5	23	0	0	0	0	0	39	1065648	26226	802024	438
225	8399	129	0	0	1	2239	325	0	0	18	9	27	393	1066041	26227	802039	6234967
226	4100	155	0	0	3	798	401	0	0	6	3	15	451	1066492	26230	802058	4308699
227	8337	85	0	0	2	2239	230	0	0	0	0	0	246	1066738	26232	802067	6227774
228	10123	1299	0	0	8	2239	2723	0	0	24	12	33	2800	1069538	26240	802099	6809066
229	9201	1210	0	0	4	734	2634	0	0	18	9	27	2702	1072240	26244	802135	6530593
230	8368	200	0	0	22	1344	529	0	0	30	15	39	615	1072855	26266	802164	6244516
231	8305	107	0	0	7	1344	317	0	0	29	15	38	402	1073257	26273	802192	6211546
232	8500	310	0	0	4	1616	746	0	0	48	24	57	859	1074116	26277	802238	6279849
233	8540	104	0	0	7	2239	296	0	0	18	9	27	364	1074480	26284	802247	6308301
234	8972	980	0	0	43	734	2187	0	0	48	24	57	2300	1076780	26327	802278	6423339
235	8564	121	0	0	4	2239	326	0	0	18	9	27	394	1077174	26331	802286	6289339
236	8731	276	0	0	11	2239	612	0	0	30	15	39	698	1077872	26342	802300	6370757
237	9021	818	0	0	8	1616	1702	0	0	23	12	32	1778	1079650	26350	802323	6419795
238	3545	59	0	0	3	527	176	0	0	6	3	15	226	1079876	26353	802338	2952807
239	8863	438	0	0	2	1259	931	0	0	18	9	27	999	1080875	26355	802356	6371734
240	8320	137	0	0	8	1259	389	0	0	24	12	33	466	1081341	26363	802380	6236710
241	6908	49	0	0	2	1058	156	0	0	18	9	27	224	1081565	26365	802396	5724973
242	8531	282	0	0	10	2239	628	0	0	24	12	33	705	1082270	26375	802421	6289383
243	8573	472	0	0	35	1058	1085	0	0	138	69	128	1314	1083584	26410	802471	6315831
244	6138	167	0	0	7	472	448	0	0	24	12	33	525	1084109	26417	802492	5358455
245	8644	419	0	0	10	525	1011	0	0	47	24	56	1123	1085232	26427	802523	6313380
246	6895	127	0	0	12	514	362	0	0	0	0	0	378	1085610	26439	802539	5684855
247	8686	350	0	0	7	866	808	0	0	35	18	44	902	1086512	26446	802586	6305975
248	7624	128	0	0	3	1058	358	0	0	30	15	39	444	1086956	26449	802600	5942997
249	8715	536	0	0	112	916	1236	0	0	114	57	109	1434	1088390	26561	802638	6347254
250	5680	194	0	0	5	706	502	0	0	52	27	61	622	1089012	26566	802656	5167965
251	1557	83	0	0	2	240	232	0	0	12	6	21	291	1089303	26568	802673	1420098
252	6460	178	0	0	1	798	467	0	0	18	9	27	535	1089838	26569	802705	5495882
253	1910	31	0	0	0	527	98	0	0	6	3	15	148	1089986	26569	802713	1421506
254	3535	84	0	0	4	398	241	0	0	12	6	21	300	1090286	26573	802732	2785370
255	7144	419	0	0	8	536	911	0	0	24	12	33	988	1091274	26581	802760	5725842
256	8583	439	0	0	3	866	999	0	0	21	12	30	1073	1092347	26584	802786	6269938
257	6807	287	0	0	5	734	660	0	0	0	0	0	676	1093023	26589	802795	5577825
258	2551	73	0	0	6	410	209	0	0	6	3	15	259	1093282	26595	802810	2212747
259	4815	57	0	0	4	599	180	0	0	24	12	33	257	1093539	26599	802825	4893837
260	3927	58	0	0	3	798	182	0	0	30	15	39	268	1093807	26602	802837	4221827
261	3730	53	0	0	4	549	166	0	0	18	9	27	234	1094041	26606	802851	4202631
262	6526	208	0	0	7	798	495	0	0	29	15	38	580	1094621	26613	802864	5509116
263	5518	122	0	0	1	798	338	0	0	12	6	21	397	1095018	26614	802878	5142816
264	8333	254	0	0	38	916	626	0	0	347	174	265	1097	1096115	26652	802950	6237433
265	6370	308	0	0	7	798	680	0	0	18	9	27	748	1096863	26659	802968	5407919
266	3493	64	0	0	2	387	199	0	0	6	3	15	249	1097112	26661	802977	2718865
267	6389	53	0	0	3	734	168	0	0	36	18	45	263	1097375	26664	802995	5499008
268	7247	201	0	0	3	734	506	0	0	36	18	45	601	1097976	26667	803027	5742200
269	4029	36	0	0	0	798	117	0	0	0	0	0	133	1098109	26667	803033	4308894
270	6878	93	0	0	4	514	283	0	0	41	21	50	386	1098495	26671	803052	5682407
271	7967	748	0	0	5	798	1567	0	0	41	21	50	1670	1100165	26676	803079	6022073
272	7375	158	0	0	7	798	422	0	0	30	15	39	508	1100673	26683	803096	5889303
273	8947	606	0	0	4	1206	1306	0	0	36	18	45	1401	1102074	26687	803114	6351358
274	10337	1932	0	0	24	916	3963	0	0	24	12	33	4040	1106114	26711	803147	6750923
275	7342	74	0	0	5	916	221	0	0	18	9	27	289	1106403	26716	803160	5875918
276	3341	93	0	0	2	259	277	0	0	18	9	27	345	1106748	26718	803178	2789085
277	7406	298	0	0	23	599	750	0	0	23	12	32	826	1107574	26741	803203	5859235
278	7357	100	0	0	5	916	296	0	0	36	18	45	391	1107965	26746	803221	5866459
279	5425	209	0	0	5	734	525	0	0	23	12	32	601	1108566	26751	803250	5006992
280	7385	98	0	0	4	916	272	0	0	6	3	15	322	1108888	26755	803264	5860687
281	5053	195	0	0	18	734	521	0	0	61	33	70	656	1109544	26773	803304	4832290
282	5525	195	0	0	20	1206	518	0	0	27	15	36	601	1110145	26793	803333	5131116
283	4018	68	0	0	5	1206	210	0	0	18	9	27	278	1110423	26798	803352	4272839
284	2187	64	0	0	4	527	197	0	0	24	12	33	274	1110697	26802	803368	1593418
285	9039	777	0	0	1	1344	1572	0	0	15	9	24	1637	1112334	26803	803408	6404182
286	2618	84	0	0	4	426	237	0	0	0	0	0	253	1112587	26807	803417	2359328
287	7343	69	0	0	4	916	214	0	0	24	12	33	291	1112878	26811	803430	5877092
288	7153	419	0	0	5	798	929	0	0	35	18	44	1023	1113901	26816	803476	5731690
289	3736	66	0	0	5	398	206	0	0	23	12	32	282	1114183	26821	803492	2952687
290	6567	351	0	0	9	734	807	0	0	35	18	44	901	1115084	26830	803523	5571918
291	3754	69	0	0	1	515	200	0	0	40	21	49	302	1115386	26831	803546	2946205
292	5008	138	0	0	0	734	370	0	0	12	6	21	429	1115815	26831	803572	4983342
293	5154	448	0	0	10	621	1050	0	0	30	15	39	1136	1116951	26841	803624	4888356
294	6368	184	0	0	27	734	501	0	0	48	24	57	614	1117565	26868	803657	5549485
295	4592	102	0	0	5	599	291	0	0	24	12	33	368	1117933	26873	803666	4790233
296	3528	58	0	0	0	515	181	0	0	0	0	0	197	1118130	26873	803671	2959091
297	5398	654	0	0	6	621	1479	0	0	39	21	48	1580	1119710	26879	803704	4953678
298	3448	77	0	0	1	398	224	0	0	23	12	32	300	1120010	26880	803715	2762454
299	5493	774	0	0	10	621	1667	0	0	21	12	30	1741	1121751	26890	803754	4868556
300	4564	195	0	0	18	436	510	0	0	16	9	25	576	1122327	26908	803780	3903419
301	3588	184	0	0	4	338	491	0	0	31	18	40	581	1122908	26912	803814	4135360
302	7395	178	0	0	3	572	494	0	0	29	15	38	579	1123487	26915	803846	5882551
303	6340	183	0	0	3	599	460	0	0	30	15	39	546	1124033	26918	803867	5443859
304	5175	221	0	0	3	684	523	0	0	18	9	27	591	1124624	26921	803893	5008871
305	7368	127	0	0	2	599	370	0	0	51	27	60	489	1125113	26923	803923	5871764
306	4614	74	0	0	3	619	222	0	0	18	9	27	290	1125403	26926	803936	4777291
307	5521	186	0	0	5	599	470	0	0	18	9	27	538	1125941	26931	803959	5146678
308	4815	88	0	0	3	584	253	0	0	18	9	27	321	1126262	26934	803976	4879129
309	4631	72	0	0	3	619	212	0	0	18	9	27	280	1126542	26937	803987	4776027
310	4832	87	0	0	3	619	248	0	0	18	9	27	316	1126858	26940	803999	4890409
311	8327	130	0	0	2	916	371	0	0	6	3	15	421	1127279	26942	804023	6223350
312	6354	191	0	0	3	1206	470	0	0	24	12	33	547	1127826	26945	804049	5464646
313	3706	139	0	0	2	391	378	0	0	28	15	37	462	1128288	26947	804073	3060566
314	3306	91	0	0	3	571	270	0	0	12	6	21	329	1128617	26950	804085	2764159
315	3187	131	0	0	7	315	367	0	0	24	12	33	444	1129061	26957	804110	2688594
316	3160	109	0	0	5	315	315	0	0	29	15	38	400	1129461	26962	804130	2746662
317	4117	90	0	0	1	529	270	0	0	22	12	31	345	1129806	26963	804154	4419842
318	4458	132	0	0	4	529	375	0	0	29	15	38	460	1130266	26967	804181	3699041
319	2315	30	0	0	6	571	99	0	0	6	3	15	149	1130415	26973	804187	1813053
320	3800	71	0	0	4	571	220	0	0	18	9	27	288	1130703	26977	804196	2995534
321	3005	88	0	0	2	385	258	0	0	6	3	15	308	1131011	26979	804211	2495289
322	6937	295	0	0	3	716	684	0	0	28	15	37	768	1131779	26982	804234	5674993
323	6844	197	0	0	4	716	493	0	0	18	9	27	561	1132340	26986	804252	5650380
324	7052	710	0	0	5	716	1564	0	0	12	6	21	1623	1133963	26991	804279	5702369
325	6685	106	0	0	1	716	296	0	0	18	9	27	364	1134327	26992	804293	5621402
326	6931	234	0	0	2	716	558	0	0	6	3	15	608	1134935	26994	804299	5620265
327	8323	96	0	0	4	2239	278	0	0	24	12	33	355	1135290	26998	804317	6211341
328	3020	120	0	0	4	441	341	0	0	11	6	20	399	1135689	27002	804344	2648101
329	2551	81	0	0	5	441	247	0	0	18	9	27	315	1136004	27007	804355	2321525
330	8301	80	0	0	1	2239	242	0	0	18	9	27	310	1136314	27008	804373	6207217
331	4566	62	0	0	3	572	189	0	0	12	6	21	248	1136562	27011	804390	4670967
332	3734	96	0	0	4	408	289	0	0	18	9	27	357	1136919	27015	804417	4224254
333	5213	1138	0	0	18	408	625	0	0	41	21	50	728	1137647	27033	804670	4362291
334	1933	42	0	0	1	435	134	0	0	12	6	21	193	1137840	27034	804684	1507401
335	8303	42	0	0	2	2239	133	0	0	6	3	15	183	1138023	27036	804693	6211421
336	4787	149	0	0	4	529	388	0	0	16	9	25	454	1138477	27040	804717	4829618
337	2591	53	0	0	2	289	168	0	0	0	0	0	184	1138661	27042	804726	2139548
338	2766	90	0	0	2	717	262	0	0	12	6	21	321	1138982	27044	804748	2298065
339	3550	90	0	0	3	462	264	0	0	6	3	15	314	1139296	27047	804758	2741338
340	3533	66	0	0	1	717	201	0	0	17	9	26	268	1139564	27048	804768	2736492
341	6364	974	0	0	3	527	1985	0	0	59	30	68	2115	1141679	27051	804800	5303631
342	3815	124	0	0	1	717	338	0	0	0	0	0	354	1142033	27052	804814	3083825
343	3685	60	0	0	6	717	187	0	0	0	0	0	203	1142236	27058	804822	2860187
344	4568	753	0	0	3	531	1514	0	0	35	18	44	1608	1143844	27061	804848	3114655
345	2433	45	0	0	2	588	142	0	0	11	6	20	200	1144044	27063	804864	2037831
346	5138	179	0	0	0	706	449	0	0	24	12	33	526	1144570	27063	804896	4946016
347	5506	204	0	0	9	734	512	0	0	12	6	21	571	1145141	27072	804929	5200656
348	6336	170	0	0	3	515	462	0	0	95	48	98	640	1145781	27075	804974	5504773
349	1411	99	0	0	1	194	276	0	0	12	6	21	335	1146116	27076	804993	911058
350	2433	166	0	0	1	321	420	0	0	18	9	27	488	1146604	27077	805015	1956468
351	11	6	0	0	0	5	27	0	0	0	0	0	43	1146647	27077	805017	1197
352	6314	82	0	0	5	588	242	0	0	12	6	21	301	1146948	27082	805046	5455640
353	6747	198	0	0	86	734	496	0	0	42	21	51	600	1147548	27168	805068	5519290
354	8886	1054	0	0	14	832	2253	0	0	54	27	63	2375	1149923	27182	805124	6340656
355	8471	551	0	0	81	832	1267	0	0	210	105	184	1588	1151511	27263	805202	6226758
356	6836	308	0	0	8	506	729	0	0	35	18	44	823	1152334	27271	805240	5580656
357	8984	1085	0	0	7	734	2382	0	0	318	159	256	2829	1155163	27278	805324	6474307
358	4787	272	0	0	6	588	663	0	0	30	15	39	749	1155912	27284	805360	4648116
359	6623	93	0	0	4	684	276	0	0	17	9	26	343	1156255	27288	805383	5501545
360	6075	443	0	0	9	588	941	0	0	24	12	33	1018	1157273	27297	805406	5278883
361	6626	72	0	0	5	706	207	0	0	6	3	15	257	1157530	27302	805410	5503699
362	4404	141	0	0	3	506	372	0	0	18	9	27	440	1157970	27305	805424	4556472
363	3382	81	0	0	2	588	233	0	0	11	6	20	291	1158261	27307	805437	2789037
364	2427	78	0	0	0	435	228	0	0	18	9	27	296	1158557	27307	805458	2183107
365	6707	275	0	0	8	905	692	0	0	30	15	39	778	1159335	27315	805496	5515611
366	7287	653	0	0	5	684	1468	0	0	28	15	37	1552	1160887	27320	805541	5756543
367	6681	115	0	0	5	557	329	0	0	36	18	45	424	1161311	27325	805568	5535687
368	6697	239	0	0	7	905	611	0	0	29	15	38	696	1162007	27332	805591	5526645
369	8053	193	0	0	3	706	492	0	0	54	27	63	614	1162621	27335	805618	6058466
370	6487	223	0	0	3	506	580	0	0	42	21	51	684	1163305	27338	805664	5479859
371	6744	138	0	0	7	706	360	0	0	12	6	21	419	1163724	27345	805670	5517518
372	5515	149	0	0	2	588	381	0	0	18	9	27	449	1164173	27347	805689	5137136
373	5402	71	0	0	1	917	217	0	0	6	3	15	267	1164440	27348	805707	5104709
374	6925	371	0	0	6	621	877	0	0	12	6	21	936	1165376	27354	805724	5605367
375	6705	135	0	0	4	827	349	0	0	30	15	39	435	1165811	27358	805740	5517660
376	6801	184	0	0	1	827	452	0	0	24	12	33	529	1166340	27359	805752	5537629
377	5454	138	0	0	2	559	366	0	0	24	12	33	443	1166783	27361	805765	5120163
378	6702	251	0	0	81	905	624	0	0	12	6	21	683	1167466	27442	805780	5511714
379	6734	198	0	0	5	619	500	0	0	24	12	33	577	1168043	27447	805808	5532606
380	7638	253	0	0	5	684	600	0	0	41	21	50	703	1168746	27452	805837	5922829
381	7409	175	0	0	6	798	468	0	0	42	21	51	572	1169318	27458	805865	5911087
382	6422	110	0	0	4	1063	320	0	0	24	12	33	397	1169715	27462	805887	5512451
383	7393	138	0	0	5	917	394	0	0	6	3	15	444	1170159	27467	805908	5904884
384	7526	170	0	0	7	1063	472	0	0	53	27	62	593	1170752	27474	805957	5957031
385	6910	391	0	0	9	584	915	0	0	30	15	39	1001	1171753	27483	805990	5573653
386	6782	272	0	0	0	798	637	0	0	17	9	26	704	1172457	27483	806010	5580403
387	5671	160	0	0	4	1063	421	0	0	6	3	15	471	1172928	27487	806023	5142466
388	8876	481	0	0	6	798	1037	0	0	36	18	45	1132	1174060	27493	806037	6338681
389	7609	141	0	0	2	1340	378	0	0	12	6	21	437	1174497	27495	806060	5972286
390	6680	182	0	0	4	568	474	0	0	36	18	45	569	1175066	27499	806088	5508867
391	5125	201	0	0	21	917	541	0	0	18	9	27	609	1175675	27520	806113	4803139
392	7500	221	0	0	9	798	568	0	0	78	39	87	726	1176401	27529	806148	5941384
393	6538	190	0	0	20	1063	492	0	0	18	9	27	560	1176961	27549	806170	5574139
394	5117	128	0	0	7	798	354	0	0	24	12	33	431	1177392	27556	806191	4929553
395	6355	224	0	0	8	599	578	0	0	77	39	86	735	1178127	27564	806240	5471752
396	7810	224	0	0	10	832	573	0	0	36	18	45	668	1178795	27574	806271	6018272
397	7752	224	0	0	1	917	575	0	0	36	18	45	670	1179465	27575	806305	6053851
398	8534	106	0	0	5	2446	312	0	0	18	9	27	380	1179845	27580	806314	6273947
399	8422	137	0	0	4	2239	372	0	0	0	0	0	388	1180233	27584	806333	6261717
400	3825	98	0	0	5	357	302	0	0	24	12	33	379	1180612	27589	806356	3010212
401	5649	422	0	0	3	832	911	0	0	25	15	34	992	1181604	27592	806385	5129758
402	5914	159	0	0	4	734	430	0	0	29	15	38	515	1182119	27596	806409	5228197
403	2668	67	0	0	0	827	199	0	0	18	9	27	267	1182386	27596	806427	2209597
404	5258	166	0	0	9	349	459	0	0	23	12	32	535	1182921	27605	806471	4885465
405	5212	155	0	0	7	349	436	0	0	39	21	48	537	1183458	27612	806494	4881749
406	6877	108	0	0	3	734	322	0	0	12	6	21	381	1183839	27615	806517	5708662
407	5319	274	0	0	5	568	662	0	0	89	45	91	830	1184669	27620	806567	4926290
408	7	3	0	0	0	5	18	0	0	0	0	0	34	1184703	27620	806567	360
409	3619	54	0	0	2	583	170	0	0	0	0	0	186	1184889	27622	806580	2953662
410	7	3	0	0	0	5	18	0	0	0	0	0	34	1184923	27622	806580	308
411	9219	755	0	0	10	1259	1631	0	0	48	24	57	1744	1186667	27632	806627	6661752
412	3728	66	0	0	4	695	205	0	0	6	3	15	255	1186922	27636	806633	3069323
413	7248	448	0	0	6	734	1010	0	0	17	9	26	1077	1187999	27642	806657	5981301
414	7	3	0	0	0	5	18	0	0	0	0	0	34	1188033	27642	806657	304
415	8335	138	0	0	1	966	374	0	0	40	21	49	476	1188509	27643	806690	6226358
416	8329	134	0	0	3	1749	376	0	0	6	3	15	426	1188935	27646	806700	6216146
417	3522	74	0	0	4	827	209	0	0	5	3	14	258	1189193	27650	806708	2733057
418	3517	50	0	0	2	917	147	0	0	18	9	27	215	1189408	27652	806720	2731109
419	2140	62	0	0	0	695	184	0	0	6	3	15	234	1189642	27652	806725	1557183
420	8384	157	0	0	0	2446	388	0	0	6	3	15	438	1190080	27652	806751	6233184
421	7	3	0	0	0	5	18	0	0	0	0	0	34	1190114	27652	806751	298
422	4420	110	0	0	4	917	314	0	0	0	0	0	330	1190444	27656	806766	4563740
423	1427	52	0	0	0	436	146	0	0	0	0	0	162	1190606	27656	806769	1033870
424	2514	42	0	0	2	919	134	0	0	6	3	15	184	1190790	27658	806777	2235869
425	1175	19	0	0	0	695	64	0	0	6	3	15	114	1190904	27658	806786	855416
426	5025	128	0	0	2	798	338	0	0	18	9	27	406	1191310	27660	806809	4856814
427	4147	232	0	0	1	919	524	0	0	12	6	21	583	1191893	27661	806829	3203916
428	4640	109	0	0	2	623	313	0	0	23	12	32	389	1192282	27663	806844	4706362
429	2518	51	0	0	5	436	161	0	0	0	0	0	177	1192459	27668	806850	2066121
430	9	5	0	0	0	5	24	0	0	0	0	0	40	1192499	27668	806850	457
431	2866	122	0	0	3	695	349	0	0	12	6	21	408	1192907	27671	806872	3416910
432	2897	61	0	0	2	345	188	0	0	12	6	21	247	1193154	27673	806893	3234461
433	5094	139	0	0	8	798	380	0	0	24	12	33	457	1193611	27681	806918	4787910
434	4055	105	0	0	3	832	297	0	0	6	3	15	347	1193958	27684	806941	4148720
435	2931	160	0	0	2	241	422	0	0	6	3	15	472	1194430	27686	806952	3416879
436	6704	148	0	0	6	917	384	0	0	12	6	21	443	1194873	27692	806976	5552350
437	3746	77	0	0	1	695	228	0	0	0	0	0	244	1195117	27693	806990	3049136
438	6736	511	0	0	6	919	1155	0	0	83	42	92	1321	1196438	27699	807044	5713367
439	8741	382	0	0	41	1259	900	0	0	66	33	75	1040	1197478	27740	807102	6354101
440	8582	146	0	0	7	1259	402	0	0	131	66	123	623	1198101	27747	807141	6315166
441	9252	720	0	0	1	1259	1595	0	0	52	27	61	1715	1199816	27748	807180	6572875
442	8563	127	0	0	6	1259	362	0	0	5	3	14	411	1200227	27754	807195	6314553
443	5689	137	0	0	2	1286	355	0	0	30	15	39	441	1200668	27756	807211	5225887
444	8642	211	0	0	6	1344	529	0	0	24	12	33	606	1201274	27762	807238	6329756
445	6653	174	0	0	2	1063	471	0	0	97	66	106	675	1201949	27764	807297	5528941
446	7235	293	0	0	3	599	748	0	0	48	24	57	861	1202810	27767	807337	5753110
447	3750	101	0	0	4	695	308	0	0	24	12	33	385	1203195	27771	807362	2890334
448	2677	97	0	0	5	571	280	0	0	24	12	33	357	1203552	27776	807375	2471382
449	3691	86	0	0	5	571	249	0	0	6	3	15	299	1203851	27781	807384	2862335
450	8452	210	0	0	6	1749	521	0	0	18	9	27	589	1204440	27787	807411	6315615
451	3664	62	0	0	11	1286	193	0	0	11	6	20	251	1204691	27798	807426	2809530
452	2530	39	0	0	3	695	123	0	0	36	18	45	218	1204909	27801	807435	1977357
453	6375	162	0	0	5	557	447	0	0	12	6	21	506	1205415	27806	807468	5528147
454	3728	39	0	0	0	535	126	0	0	0	0	0	142	1205557	27806	807479	2935089
455	8363	80	0	0	5	1616	238	0	0	24	12	33	315	1205872	27811	807489	6254307
456	2814	282	0	0	1	919	579	0	0	0	0	0	595	1206467	27812	807495	2303979
457	4505	88	0	0	13	599	253	0	0	6	3	15	303	1206770	27825	807504	4707687
458	4217	185	0	0	3	583	436	0	0	18	9	27	504	1207274	27828	807522	3619261
459	4769	276	0	0	4	919	665	0	0	6	3	15	715	1207989	27832	807541	3897897
460	4046	44	0	0	5	832	139	0	0	0	0	0	155	1208144	27837	807547	3449222
461	3388	53	0	0	2	706	167	0	0	12	6	21	226	1208370	27839	807559	2784120
462	8306	61	0	0	0	1616	186	0	0	18	9	27	254	1208624	27839	807578	6206893
463	2826	46	0	0	1	919	147	0	0	0	0	0	163	1208787	27840	807590	2573091
464	3731	82	0	0	2	571	243	0	0	18	9	27	311	1209098	27842	807611	3035213
465	2459	24	0	0	0	1286	81	0	0	0	0	0	97	1209195	27842	807615	1993995
466	2484	49	0	0	1	1286	144	0	0	0	0	0	160	1209355	27843	807619	1997717
467	2459	37	0	0	2	571	117	0	0	12	6	21	176	1209531	27845	807624	1995184
468	3679	69	0	0	2	588	213	0	0	12	6	21	272	1209803	27847	807636	2858744
469	3674	61	0	0	7	571	187	0	0	12	6	21	246	1210049	27854	807642	2856217
470	2834	53	0	0	1	571	164	0	0	24	12	33	241	1210290	27855	807652	2573784
471	2698	83	0	0	3	559	238	0	0	6	3	15	288	1210578	27858	807663	2283147
472	3546	83	0	0	0	753	217	0	0	18	9	27	285	1210863	27858	807674	2738264
473	3965	56	0	0	2	753	177	0	0	18	9	27	245	1211108	27860	807693	3149702
474	5489	658	0	0	120	365	1581	0	0	452	228	335	2176	1213284	27980	807801	5026388
475	5395	544	0	0	4	832	1213	0	0	78	39	77	1361	1214645	27984	807828	4998977
476	5190	313	0	0	75	599	753	0	0	257	129	193	1107	1215752	28059	807884	4953186
477	2836	163	0	0	6	331	430	0	0	12	6	21	489	1216241	28065	807903	2336671
478	3904	267	0	0	4	436	666	0	0	18	9	27	734	1216975	28069	807928	3356641
479	3358	101	0	0	4	1286	267	0	0	12	6	21	326	1217301	28073	807942	2603495
480	3397	94	0	0	4	695	271	0	0	23	12	32	347	1217648	28077	807955	2787817
481	4997	131	0	0	8	832	373	0	0	18	9	27	441	1218089	28085	807973	4803665
482	6368	118	0	0	5	1063	334	0	0	12	6	21	393	1218482	28090	807985	5527650
483	3733	44	0	0	1	1286	140	0	0	17	9	26	207	1218689	28091	807999	2904095
484	5120	122	0	0	2	502	352	0	0	24	12	33	429	1219118	28093	808026	4970169
485	3706	86	0	0	8	436	253	0	0	6	3	15	303	1219421	28101	808036	2880396
486	6231	93	0	0	4	599	279	0	0	24	12	33	356	1219777	28105	808059	5430367
487	3878	85	0	0	4	436	231	0	0	24	12	33	308	1220085	28109	808080	3021543
488	5318	129	0	0	2	832	373	0	0	47	24	56	485	1220570	28111	808109	4990541
489	8926	468	0	0	4	1286	1077	0	0	41	21	50	1180	1221750	28115	808151	6464779
490	3631	126	0	0	2	1286	331	0	0	6	3	15	381	1222131	28117	808168	2794788
491	1443	601	0	0	141	130	1269	0	0	78	39	87	1427	1223558	28258	808203	797942
492	703	137	0	0	6	59	353	0	0	180	90	145	620	1224178	28264	808240	265449
493	4243	671	0	0	34	443	1469	0	0	286	144	235	1880	1226058	28298	808316	2997623
494	4301	632	0	0	9	717	1336	0	0	74	39	83	1490	1227548	28307	808348	3019696
495	4219	641	0	0	293	443	1385	0	0	62	33	71	1521	1229069	28600	808384	2993599
496	724	183	0	0	3	61	440	0	0	48	24	57	553	1229622	28603	808404	270375
497	1491	555	0	0	8	130	1224	0	0	18	9	27	1292	1230914	28611	808417	813518
498	1313	483	0	0	0	226	1042	0	0	12	6	21	1101	1232015	28611	808435	761051
499	1748	491	0	0	263	130	1069	0	0	10	6	19	1126	1233141	28874	808456	1332249
500	707	157	0	0	0	66	386	0	0	39	21	48	487	1233628	28874	808478	279863
501	695	144	0	0	1	66	352	0	0	0	0	0	368	1233996	28875	808493	259482
502	1912	136	0	0	2	919	330	0	0	6	3	15	380	1234376	28877	808499	1632457
503	9259	528	0	0	16	866	1242	0	0	887	444	576	2294	1236670	28893	808690	6592603
504	5908	429	0	0	24	1286	1002	0	0	42	21	51	1106	1237776	28917	808720	5194561
505	8483	178	0	0	4	1344	470	0	0	18	9	27	538	1238314	28921	808755	6310587
506	8444	128	0	0	1	1616	367	0	0	16	9	25	433	1238747	28922	808774	6300798
507	9113	521	0	0	6	1344	1154	0	0	59	30	68	1284	1240031	28928	808818	6491969
508	9510	680	0	0	12	866	1545	0	0	125	63	121	1761	1241792	28940	808872	6578293
509	9135	325	0	0	12	866	793	0	0	48	24	57	906	1242698	28952	808910	6473064
510	8804	413	0	0	10	1344	1011	0	0	30	15	39	1097	1243795	28962	808957	6379842
511	2274	35	0	0	0	1286	114	0	0	5	3	14	163	1243958	28962	808967	1796659
512	8427	125	0	0	2	1749	344	0	0	18	9	27	412	1244370	28964	808990	6275612
513	9290	465	0	0	62	919	1078	0	0	23	12	32	1154	1245524	29026	809023	6510905
514	9332	512	0	0	6	866	1203	0	0	237	120	208	1563	1247087	29032	809091	6539866
515	9641	742	0	0	199	866	1700	0	0	48	24	57	1813	1248900	29231	809122	6602151
516	9262	362	0	0	9	866	880	0	0	418	210	310	1432	1250332	29240	809201	6516258
517	2954	144	0	0	0	695	376	0	0	0	0	0	392	1250724	29240	809224	3421488
518	3262	287	0	0	1	489	660	0	0	226	114	174	980	1251704	29241	809279	3533890
519	4923	182	0	0	13	484	472	0	0	24	12	33	549	1252253	29254	809311	4695731
520	8428	114	0	0	1	1616	330	0	0	18	9	27	398	1252651	29255	809335	6327209
521	3909	33	0	0	1	798	106	0	0	12	6	21	165	1252816	29256	809345	4221164
522	3566	49	0	0	0	387	155	0	0	16	9	25	221	1253037	29256	809368	2760204
523	8752	375	0	0	52	1344	827	0	0	215	108	163	1130	1254167	29308	809418	6326711
524	8879	516	0	0	9	1344	1130	0	0	167	84	152	1398	1255565	29317	809469	6340794
525	1336	42	0	0	0	209	134	0	0	0	0	0	150	1255715	29317	809472	889288
526	2946	121	0	0	30	684	338	0	0	6	3	15	388	1256103	29347	809489	2788392
527	4772	157	0	0	5	919	399	0	0	6	3	15	449	1256552	29352	809506	4797283
528	894	199	0	0	0	254	469	0	0	45	24	54	579	1257131	29352	809521	729321
529	3913	52	0	0	2	1286	164	0	0	12	6	21	223	1257354	29354	809535	3417714
530	3718	80	0	0	5	753	232	0	0	12	6	21	291	1257645	29359	809550	3036399
531	2215	45	0	0	0	1286	132	0	0	6	3	15	182	1257827	29359	809557	1708291
532	2534	83	0	0	3	299	235	0	0	12	6	21	294	1258121	29362	809577	2068409
533	2780	144	0	0	2	248	388	0	0	23	12	32	464	1258585	29364	809603	2414607
534	2560	72	0	0	2	434	213	0	0	12	6	21	272	1258857	29366	809609	2210141
535	3757	132	0	0	4	395	366	0	0	12	6	21	425	1259282	29370	809631	3067652
536	5234	164	0	0	5	1286	438	0	0	23	12	32	514	1259796	29375	809653	4906398
537	2397	113	0	0	8	277	342	0	0	29	15	38	427	1260223	29383	809679	1910544
538	877	205	0	0	6	235	456	0	0	6	3	15	506	1260729	29389	809688	1337653
539	14199	5308	0	0	8	1314	8914	0	0	6	3	15	8964	1269693	29397	809706	7668675
540	9288	460	0	0	2	1314	881	0	0	6	3	15	931	1270624	29399	809715	7062058
541	4727	676	0	0	7	369	1243	0	0	23	12	32	1319	1271943	29406	809745	4132171
542	9497	2872	0	0	23	734	4812	0	0	78	39	87	4970	1276913	29429	809785	6494805
543	4489	503	0	0	0	1286	931	0	0	0	0	0	947	1277860	29429	809796	3712434
544	8438	1751	0	0	3	1286	3118	0	0	6	3	15	3168	1281028	29432	809810	6422045
545	8065	1272	0	0	36	1265	2246	0	0	38	21	47	2346	1283374	29468	809849	6396738
546	13343	4348	0	0	4	1314	7625	0	0	18	9	27	7693	1291067	29472	809873	7648368
547	6988	277	0	0	3	799	593	0	0	11	6	20	651	1291718	29475	809893	6219891
548	10584	1711	0	0	8	1429	2967	0	0	41	21	50	3070	1294788	29483	809917	7240816
549	6030	1496	0	0	3	484	2529	0	0	6	3	15	2579	1297367	29486	809936	4599795
550	7101	479	0	0	5	734	908	0	0	30	15	39	994	1298361	29491	809957	6195603
551	9263	575	0	0	3	1749	1044	0	0	12	6	21	1103	1299464	29494	809977	7028423
552	26366	16969	0	0	113	2022	31126	0	0	58	30	67	31255	1330719	29607	810029	9665438
553	3105	69	0	0	2	385	211	0	0	6	3	15	261	1330980	29609	810043	2861498
554	3802	82	0	0	3	568	233	0	0	17	9	26	300	1331280	29612	810059	3515587
555	3542	268	0	0	5	571	646	0	0	90	45	99	822	1332102	29617	810083	3506014
556	9996	1130	0	0	2	2022	2080	0	0	18	9	27	2148	1334250	29619	810097	7220225
557	9114	261	0	0	12	2022	545	0	0	0	0	0	561	1334811	29631	810100	7034820
558	6884	95	0	0	1	923	281	0	0	6	3	15	331	1335142	29632	810112	5684285
559	6909	145	0	0	5	919	374	0	0	0	0	0	390	1335532	29637	810127	6209347
560	2684	49	0	0	0	1048	152	0	0	6	3	15	202	1335734	29637	810137	2418648
561	3277	93	0	0	3	1286	250	0	0	11	6	20	308	1336042	29640	810151	3292440
562	6795	109	0	0	2	1048	288	0	0	24	12	33	365	1336407	29642	810165	6158435
563	4365	500	0	0	14	333	1010	0	0	10	6	19	1067	1337474	29656	810199	3692394
564	7548	908	0	0	11	798	1585	0	0	12	6	21	1644	1339118	29667	810219	6257081
565	15838	6934	0	0	0	2022	12130	0	0	12	6	21	12189	1351307	29667	810229	8076628
566	11335	2520	0	0	3	1458	4155	0	0	6	3	15	4205	1355512	29670	810252	7357310
567	3348	173	0	0	7	333	459	0	0	23	12	32	535	1356047	29677	810282	3315924
568	9929	1151	0	0	3	746	2010	0	0	18	9	27	2078	1358125	29680	810307	7124758
569	11783	2212	0	0	5	1749	4266	0	0	30	15	39	4352	1362477	29685	810348	7615446
570	145	10	0	0	0	75	39	0	0	6	3	15	89	1362566	29685	810351	23783
571	146	11	0	0	0	75	42	0	0	0	0	0	58	1362624	29685	810352	23893
572	38012	28431	0	0	10	1749	59566	0	0	30	15	39	59652	1422276	29695	810368	11577154
573	19417	12576	0	0	2	1286	25046	0	0	60	30	69	25177	1447453	29697	810413	8247410
574	22291	14765	0	0	10	1048	26503	0	0	12	6	21	26562	1474015	29707	810458	8616580
575	10427	1862	0	0	12	1259	3192	0	0	30	15	39	3278	1477293	29719	810483	7160909
576	4799	360	0	0	3	1265	699	0	0	0	0	0	715	1478008	29722	810491	5084448
577	7887	1110	0	0	8	1286	2022	0	0	40	21	49	2124	1480132	29730	810517	6356523
578	6908	241	0	0	2	734	520	0	0	6	3	15	570	1480702	29732	810523	6176622
579	11727	2818	0	0	8	1286	4669	0	0	51	27	60	4788	1485490	29740	810557	7498105
580	9206	2452	0	0	1	1265	3897	0	0	12	6	21	3956	1489446	29741	810570	6486902
581	18497	9611	0	0	5	1270	16578	0	0	17	9	26	16645	1506091	29746	810589	8308324
582	9519	748	0	0	4	798	1370	0	0	23	12	32	1446	1507537	29750	810624	7074317
583	9382	729	0	0	3	1270	1445	0	0	24	12	33	1522	1509059	29753	810642	7021614
584	8320	3001	0	0	3	1265	4988	0	0	105	54	114	5188	1514247	29756	810677	5941895
585	4684	150	0	0	1	1265	380	0	0	6	3	15	430	1514677	29757	810688	5109469
586	3552	647	0	0	4	641	1097	0	0	18	9	27	1165	1515842	29761	810701	3189021
587	13269	4406	0	0	1	1286	7662	0	0	12	6	21	7721	1523563	29762	810725	7561532
588	21113	12168	0	0	3	1286	23364	0	0	5	3	14	23413	1546976	29765	810732	9161268
589	4734	1011	0	0	6	641	1624	0	0	18	9	27	1692	1548668	29771	810742	3642716
590	9195	598	0	0	4	1286	1162	0	0	11	6	20	1220	1549888	29775	810765	6953685
591	14446	4905	0	0	490	866	9949	0	0	47	24	56	10061	1559949	30265	810792	8109307
592	3804	752	0	0	1	641	1241	0	0	12	6	21	1300	1561249	30266	810807	3215858
593	9889	979	0	0	2	1270	1749	0	0	12	6	21	1808	1563057	30268	810824	7226730
594	19070	9262	0	0	2	1270	17842	0	0	1494	747	963	19584	1582641	30270	811099	8930489
595	12685	2856	0	0	47	1270	5791	0	0	12	6	21	5850	1588491	30317	811103	7801488
596	7	3	0	0	0	5	18	0	0	0	0	0	34	1588525	30317	811103	320
597	7	3	0	0	0	5	18	0	0	0	0	0	34	1588559	30317	811103	326
598	146	11	0	0	0	75	42	0	0	0	0	0	58	1588617	30317	811104	23881
599	7	3	0	0	0	5	18	0	0	0	0	0	34	1588651	30317	811104	316
600	7	3	0	0	0	5	18	0	0	0	0	0	34	1588685	30317	811104	340
601	6389	42	0	0	3	1623	135	0	0	6	3	15	185	1588870	30320	811108	5499008
602	10	6	0	0	0	5	27	0	0	0	0	0	43	1588913	30320	811108	570
603	2142	39	0	0	1	1286	109	0	0	6	3	15	159	1589072	30321	811114	1631855
604	3347	58	0	0	1	827	180	0	0	12	6	21	239	1589311	30322	811130	2613875
605	4644	81	0	0	1	619	237	0	0	18	9	27	305	1589616	30323	811153	4795728
606	7	3	0	0	0	5	18	0	0	0	0	0	34	1589650	30323	811153	328
607	6502	120	0	0	4	1623	340	0	0	12	6	21	399	1590049	30327	811171	5585532
608	7	3	0	0	0	5	18	0	0	0	0	0	34	1590083	30327	811171	312
609	7	3	0	0	0	5	18	0	0	0	0	0	34	1590117	30327	811171	342
610	1374	13	0	0	0	641	44	0	0	0	0	0	60	1590177	30327	811173	1014139
611	7	3	0	0	0	5	18	0	0	0	0	0	34	1590211	30327	811173	312
612	7	3	0	0	0	5	18	0	0	0	0	0	34	1590245	30327	811173	326
613	3918	48	0	0	4	1265	152	0	0	6	3	15	202	1590447	30331	811180	4218196
614	4775	1441	0	0	11	571	2886	0	0	12	6	21	2945	1593392	30342	811195	3701420
615	145	10	0	0	0	75	39	0	0	0	0	0	55	1593447	30342	811196	23783
616	3701	90	0	0	8	571	266	0	0	0	0	0	282	1593729	30350	811213	2985369
617	3490	35	0	0	0	567	114	0	0	6	3	15	164	1593893	30350	811220	2719518
618	145	10	0	0	0	75	39	0	0	0	0	0	55	1593948	30350	811221	23806
619	145	10	0	0	0	75	39	0	0	0	0	0	55	1594003	30350	811222	23818
620	3266	38	0	0	2	571	121	0	0	6	3	15	171	1594174	30352	811229	2586793
621	146	11	0	0	2	75	42	0	0	0	0	0	58	1594232	30354	811230	23840
