tu	pass	raw	cumulative_raw	stream	p29_cum_wire	grz2_cum_wire	fastintern_cum_wire	zstd3_cum_wire	pred_cum_wire	build_close	stream_switch_delta
0	1	1672314	1672314	1	536688	0	412546	273693	NA	0	
1	1	1205213	2877527	1	544542	0	481681	463973	NA	0	
2	1	206630	3084157	1	544988	0	491460	500611	NA	0	
3	1	2242658	5326815	1	598062	0	814442	855154	NA	0	
4	1	2994554	8321369	1	608368	0	1009645	1336876	NA	0	
5	1	1438876	9760245	1	609618	0	1079051	1567053	NA	0	
6	1	2798929	12559174	1	615701	0	1213380	2009849	NA	0	
7	1	3220014	15779188	1	644739	0	1386174	2489578	NA	0	
8	1	2333077	18112265	1	646007	0	1498148	2863251	NA	0	
9	1	3672382	21784647	1	681438	0	1710835	3396555	NA	0	
10	1	3094230	24878877	1	686855	0	1868379	3888325	NA	0	
11	1	3227576	28106453	1	698098	0	2023841	4382864	NA	0	
12	1	4634140	32740593	1	783441	0	2280279	4974156	NA	0	
13	1	3260091	36000684	1	808364	0	2439707	5489606	NA	0	
14	1	3009491	39010175	1	813507	0	2596869	5984083	NA	0	
15	1	2242658	41252833	1	813558	0	2702912	6338626	NA	0	
16	1	3073112	44325945	1	813732	0	2845204	6843923	NA	0	
17	1	1691182	46017127	1	813828	0	2924714	7121844	NA	0	
18	1	1734109	47751236	1	813917	0	3006552	7407675	NA	0	
19	1	3326956	51078192	1	822581	0	3181362	7937333	NA	0	
20	1	3623532	54701724	1	838780	0	3389983	8508337	NA	0	
21	1	3702583	58404307	1	863769	0	3581112	9061936	NA	0	
22	1	3160151	61564458	1	884634	0	3756283	9543773	NA	0	
23	1	2761846	64326304	1	885976	0	3885337	9987507	NA	0	
24	1	2876035	67202339	1	892317	0	4018997	10454630	NA	0	
25	1	2242658	69444997	1	892332	0	4125040	10809173	NA	0	
26	1	3073112	72518109	1	892384	0	4267277	11314470	NA	0	
27	1	1691182	74209291	1	892436	0	4346787	11592391	NA	0	
28	1	1734109	75943400	1	892488	0	4428625	11878222	NA	0	
29	1	3239711	79183111	1	899339	0	4592131	12404046	NA	0	
30	1	2242658	81425769	1	899354	0	4698174	12758589	NA	0	
31	1	3073112	84498881	1	899369	0	4840411	13263886	NA	0	
32	1	1691182	86190063	1	899384	0	4919921	13541807	NA	0	
33	1	1734109	87924172	1	899399	0	5001759	13827638	NA	0	
34	1	3567353	91491525	1	912816	0	5179283	14386483	NA	0	
35	1	3196680	94688205	1	914168	0	5328430	14912565	NA	0	
36	1	2242658	96930863	1	914183	0	5434473	15267108	NA	0	
37	1	3073112	100003975	1	914198	0	5576710	15772405	NA	0	
38	1	1691182	101695157	1	914213	0	5656220	16050326	NA	0	
39	1	1734109	103429266	1	914228	0	5738058	16336157	NA	0	
40	1	3627861	107057127	1	927952	0	5917940	16904074	NA	0	
41	1	2061745	109118872	1	929166	0	6013650	17234079	NA	0	
42	1	1357037	110475909	1	930360	0	6074940	17446128	NA	0	
43	1	3124266	113600175	1	939161	0	6229089	17936382	NA	0	
44	1	1672314	115272489	1	939211	0	6306972	18210075	NA	0	
45	1	2242658	117515147	1	939226	0	6413015	18564618	NA	0	
46	1	2994554	120509701	1	939277	0	6552034	19046340	NA	0	
47	1	1438876	121948577	1	939328	0	6619447	19276517	NA	0	
48	1	3277287	125225864	1	952076	0	6778178	19782744	NA	0	
49	1	76523	125302387	1	956200	0	6786241	19794309	NA	0	
50	1	3249100	128551487	1	1006187	665724	7033524	20318732	NA	1	
51	2	1672314	130223801	2	1006187	665724	7111407	20592425	NA	0	-17
52	2	1205213	131429014	2	1006236	665724	7165307	20782705	NA	0	
53	2	206630	131635644	2	1006287	665724	7173769	20819343	NA	0	
54	2	2242658	133878302	2	1006302	665724	7279812	21173886	NA	0	
55	2	2994554	136872856	2	1006317	665724	7418831	21655608	NA	0	
56	2	1438876	138311732	2	1006332	665724	7486244	21885785	NA	0	
57	2	2798929	141110661	2	1006383	665724	7614694	22328581	NA	0	
58	2	3220014	144330675	2	1006435	665724	7756146	22808310	NA	0	
59	2	2333077	146663752	2	1006487	665724	7867040	23181983	NA	0	
60	2	3672382	150336134	2	1006539	665724	8028542	23715287	NA	0	
61	2	3094230	153430364	2	1006591	665724	8170303	24207057	NA	0	
62	2	3227576	156657940	2	1006643	665724	8313731	24701596	NA	0	
63	2	4634140	161292080	2	1006696	665724	8496751	25292888	NA	0	
64	2	3260091	164552171	2	1006748	665724	8642611	25808338	NA	0	
65	2	3009491	167561662	2	1006800	665724	8782253	26302815	NA	0	
66	2	2242658	169804320	2	1006815	665724	8888296	26657358	NA	0	
67	2	3073112	172877432	2	1006830	665724	9030533	27162655	NA	0	
68	2	1691182	174568614	2	1006845	665724	9110043	27440576	NA	0	
69	2	1734109	176302723	2	1006860	665724	9191881	27726407	NA	0	
70	2	3326956	179629679	2	1006912	665724	9343833	28256065	NA	0	
71	2	3623532	183253211	2	1006964	665724	9512959	28827069	NA	0	
72	2	3702583	186955794	2	1007016	665724	9677820	29380668	NA	0	
73	2	3160151	190115945	2	1007068	665724	9819303	29862505	NA	0	
74	2	2761846	192877791	2	1007120	665724	9947669	30306239	NA	0	
75	2	2876035	195753826	2	1007172	665724	10079616	30773362	NA	0	
76	2	2242658	197996484	2	1007187	665724	10185659	31127905	NA	0	
77	2	3073112	201069596	2	1007202	665724	10327896	31633202	NA	0	
78	2	1691182	202760778	2	1007217	665724	10407406	31911123	NA	0	
79	2	1734109	204494887	2	1007232	665724	10489244	32196954	NA	0	
80	2	3239711	207734598	2	1007284	665724	10637198	32722778	NA	0	
81	2	2242658	209977256	2	1007299	665724	10743241	33077321	NA	0	
82	2	3073112	213050368	2	1007314	665724	10885478	33582618	NA	0	
83	2	1691182	214741550	2	1007329	665724	10964988	33860539	NA	0	
84	2	1734109	216475659	2	1007344	665724	11046826	34146370	NA	0	
85	2	3567353	220043012	2	1007396	665724	11213986	34705215	NA	0	
86	2	3196680	223239692	2	1007448	665724	11361692	35231297	NA	0	
87	2	2242658	225482350	2	1007463	665724	11467735	35585840	NA	0	
88	2	3073112	228555462	2	1007478	665724	11609972	36091137	NA	0	
89	2	1691182	230246644	2	1007493	665724	11689482	36369058	NA	0	
90	2	1734109	231980753	2	1007508	665724	11771320	36654889	NA	0	
91	2	3627861	235608614	2	1007560	665724	11940178	37222806	NA	0	
92	2	2061745	237670359	2	1007612	665724	12034989	37552811	NA	0	
93	2	1357037	239027396	2	1007664	665724	12095618	37764860	NA	0	
94	2	3124266	242151662	2	1007716	665724	12237864	38255114	NA	0	
95	2	1672314	243823976	2	1007731	665724	12315747	38528807	NA	0	
96	2	2242658	246066634	2	1007746	665724	12421790	38883350	NA	0	
97	2	2994554	249061188	2	1007761	665724	12560809	39365072	NA	0	
98	2	1438876	250500064	2	1007776	665724	12628222	39595249	NA	0	
99	2	3277287	253777351	2	1007828	665724	12775368	40101476	NA	0	
100	2	76523	253853874	2	1007880	665724	12778003	40113041	NA	0	
101	2	3249100	257102974	2	1007953	666155	12929132	40637464	NA	1	
102	3	1672314	258775288	3	1007953	666155	13007015	40911157	NA	0	-21
103	3	1205213	259980501	3	1007962	666155	13060915	41101437	NA	0	
104	3	206630	260187131	3	1007977	666155	13069377	41138075	NA	0	
105	3	2242658	262429789	3	1007992	666155	13175420	41492618	NA	0	
106	3	2994554	265424343	3	1008007	666155	13314439	41974340	NA	0	
107	3	1438876	266863219	3	1008022	666155	13381852	42204517	NA	0	
108	3	2798929	269662148	3	1008037	666155	13510302	42647313	NA	0	
109	3	3220014	272882162	3	1008052	666155	13651754	43127042	NA	0	
110	3	2333077	275215239	3	1008067	666155	13762648	43500715	NA	0	
111	3	3672382	278887621	3	1008082	666701	13924150	44034019	NA	0	
112	3	3094230	281981851	3	1008097	666701	14065911	44525789	NA	0	
113	3	3227576	285209427	3	1008112	666701	14209339	45020328	NA	0	
114	3	4634140	289843567	3	1008127	666701	14392359	45611620	NA	0	
115	3	3260091	293103658	3	1008142	666701	14538219	46127070	NA	0	
116	3	3009491	296113149	3	1008157	666701	14677861	46621547	NA	0	
117	3	2242658	298355807	3	1008172	666701	14783904	46976090	NA	0	
118	3	3073112	301428919	3	1008187	666701	14926141	47481387	NA	0	
119	3	1691182	303120101	3	1008202	666701	15005651	47759308	NA	0	
120	3	1734109	304854210	3	1008217	666701	15087489	48045139	NA	0	
121	3	3326956	308181166	3	1008232	666701	15239441	48574797	NA	0	
122	3	3623532	311804698	3	1008247	666701	15408567	49145801	NA	0	
123	3	3702583	315507281	3	1008262	666701	15573428	49699400	NA	0	
124	3	3160151	318667432	3	1008277	666701	15714911	50181237	NA	0	
125	3	2761846	321429278	3	1008292	666701	15843277	50624971	NA	0	
126	3	2876035	324305313	3	1008307	666701	15975224	51092094	NA	0	
127	3	2242658	326547971	3	1008322	666701	16081267	51446637	NA	0	
128	3	3073112	329621083	3	1008337	666701	16223504	51951934	NA	0	
129	3	1691182	331312265	3	1008352	666701	16303014	52229855	NA	0	
130	3	1734109	333046374	3	1008367	666701	16384852	52515686	NA	0	
131	3	3239711	336286085	3	1008382	666701	16532806	53041510	NA	0	
132	3	2242658	338528743	3	1008397	666701	16638849	53396053	NA	0	
133	3	3073112	341601855	3	1008412	666701	16781086	53901350	NA	0	
134	3	1691182	343293037	3	1008427	666701	16860596	54179271	NA	0	
135	3	1734109	345027146	3	1008442	666701	16942434	54465102	NA	0	
136	3	3567353	348594499	3	1008457	666701	17109594	55023947	NA	0	
137	3	3196680	351791179	3	1008472	666701	17257300	55550029	NA	0	
138	3	2242658	354033837	3	1008487	666701	17363343	55904572	NA	0	
139	3	3073112	357106949	3	1008502	666701	17505580	56409869	NA	0	
140	3	1691182	358798131	3	1008517	666701	17585090	56687790	NA	0	
141	3	1734109	360532240	3	1008532	666701	17666928	56973621	NA	0	
142	3	3627861	364160101	3	1008547	666701	17835786	57541538	NA	0	
143	3	2061745	366221846	3	1008562	666701	17930597	57871543	NA	0	
144	3	1357037	367578883	3	1008577	666701	17991226	58083592	NA	0	
145	3	3124266	370703149	3	1008592	666701	18133472	58573846	NA	0	
146	3	1672314	372375463	3	1008607	666701	18211355	58847539	NA	0	
147	3	2242658	374618121	3	1008622	666701	18317398	59202082	NA	0	
148	3	2994554	377612675	3	1008637	666701	18456417	59683804	NA	0	
149	3	1438876	379051551	3	1008652	666701	18523830	59913981	NA	0	
150	3	3277287	382328838	3	1008667	666701	18670976	60420208	NA	0	
151	3	76523	382405361	3	1008682	666701	18673611	60431773	NA	0	
152	3	3249100	385654461	3	1008718	666701	18824740	60956196	NA	1	
153	4	1672314	387326775	4	1008718	666701	18902623	61229889	NA	0	-21
154	4	1205213	388531988	4	1008727	666701	18956523	61420169	NA	0	
155	4	206630	388738618	4	1008742	666701	18964985	61456807	NA	0	
156	4	2242658	390981276	4	1008757	666701	19071028	61811350	NA	0	
157	4	2994554	393975830	4	1008772	666701	19210047	62293072	NA	0	
158	4	1438876	395414706	4	1008787	666701	19277460	62523249	NA	0	
159	4	2798929	398213635	4	1008802	666701	19405910	62966045	NA	0	
160	4	3220014	401433649	4	1008817	666701	19547362	63445774	NA	0	
161	4	2333077	403766726	4	1008832	666701	19658256	63819447	NA	0	
162	4	3672382	407439108	4	1008847	666701	19819758	64352751	NA	0	
163	4	3094230	410533338	4	1008862	666701	19961519	64844521	NA	0	
164	4	3227576	413760914	4	1008877	666701	20104947	65339060	NA	0	
165	4	4634140	418395054	4	1008892	666701	20287967	65930352	NA	0	
166	4	3260091	421655145	4	1008907	666701	20433827	66445802	NA	0	
167	4	3009491	424664636	4	1008922	666701	20573469	66940279	NA	0	
168	4	2242658	426907294	4	1008937	666701	20679512	67294822	NA	0	
169	4	3073112	429980406	4	1008952	666701	20821749	67800119	NA	0	
170	4	1691182	431671588	4	1008967	666701	20901259	68078040	NA	0	
171	4	1734109	433405697	4	1008982	666701	20983097	68363871	NA	0	
172	4	3326956	436732653	4	1008997	666701	21135049	68893529	NA	0	
173	4	3623532	440356185	4	1009012	666701	21304175	69464533	NA	0	
174	4	3702583	444058768	4	1009027	666701	21469036	70018132	NA	0	
175	4	3160151	447218919	4	1009042	666701	21610519	70499969	NA	0	
176	4	2761846	449980765	4	1009057	666701	21738885	70943703	NA	0	
177	4	2876035	452856800	4	1009072	666701	21870832	71410826	NA	0	
178	4	2242658	455099458	4	1009087	666701	21976875	71765369	NA	0	
179	4	3073112	458172570	4	1009102	666701	22119112	72270666	NA	0	
180	4	1691182	459863752	4	1009117	666701	22198622	72548587	NA	0	
181	4	1734109	461597861	4	1009132	666701	22280460	72834418	NA	0	
182	4	3239711	464837572	4	1009147	666701	22428414	73360242	NA	0	
183	4	2242658	467080230	4	1009162	666701	22534457	73714785	NA	0	
184	4	3073112	470153342	4	1009177	666701	22676694	74220082	NA	0	
185	4	1691182	471844524	4	1009192	666701	22756204	74498003	NA	0	
186	4	1734109	473578633	4	1009207	666701	22838042	74783834	NA	0	
187	4	3567353	477145986	4	1009222	666701	23005202	75342679	NA	0	
188	4	3196680	480342666	4	1009237	666701	23152908	75868761	NA	0	
189	4	2242658	482585324	4	1009252	666701	23258951	76223304	NA	0	
190	4	3073112	485658436	4	1009267	666701	23401188	76728601	NA	0	
191	4	1691182	487349618	4	1009282	666701	23480698	77006522	NA	0	
192	4	1734109	489083727	4	1009297	666701	23562536	77292353	NA	0	
193	4	3627861	492711588	4	1009312	666701	23731394	77860270	NA	0	
194	4	2061745	494773333	4	1009327	666701	23826205	78190275	NA	0	
195	4	1357037	496130370	4	1009342	666701	23886834	78402324	NA	0	
196	4	3124266	499254636	4	1009357	666701	24029080	78892578	NA	0	
197	4	1672314	500926950	4	1009372	666701	24106963	79166271	NA	0	
198	4	2242658	503169608	4	1009387	666701	24213006	79520814	NA	0	
199	4	2994554	506164162	4	1009402	666701	24352025	80002536	NA	0	
200	4	1438876	507603038	4	1009417	666701	24419438	80232713	NA	0	
201	4	3277287	510880325	4	1009432	666701	24566584	80738940	NA	0	
202	4	76523	510956848	4	1009447	666701	24569219	80750505	NA	0	
203	4	3249100	514205948	4	1009483	667109	24720348	81274928	NA	1	
